국가,2001,2002,2003,2004,2005,2006,2007,2008,2009,2010,2011,2012,2013,2014,2015,2016,2017,2018,2019,2020,2021
Afghanistan,395.25,103.01,617.24,746.49,41.42,79.25,331.18,212.42,286.58,124.18,702.19,634.35,311.33,899.69,465.13,123.41,421.39,111.71,701.53,277.24,242.24
Albania,147.51,989.65,249.71,189.9,204.93,496.27,420.0,440.34,448.38,2481.11,194.1,174.61,129.16,539.58,901.25,260.05,125.8,127.78,558.58,612.82,501.68
Algeria,149.8,367.59,327.5,362.67,696.62,364.46,574.63,311.81,389.14,547.9,67.87,211.69,182.08,153.84,221.33,1299.52,122.61,767.46,54.16,208.5,342.94
Angola,523.76,593.5,644.3,205.63,183.55,687.31,240.69,81.38,93.83,116.21,479.13,336.04,581.32,190.1,341.5,544.79,213.89,460.17,150.34,202.71,198.95
Antigua and Barbuda,88.14,474.27,182.26,295.1,471.33,455.48,566.91,264.1,190.85,269.1,53.92,68.56,77.64,107.51,434.67,117.84,199.67,1068.53,204.09,609.31,114.57
Argentina,237.31,112.71,207.63,675.27,51.81,449.99,369.65,160.88,68.63,313.23,171.63,367.78,297.87,1446.05,229.4,104.72,348.66,363.15,1134.56,671.77,416.42
Armenia,1259.05,88.77,153.71,115.38,197.35,73.56,550.02,233.36,66.95,105.56,398.75,673.8,2146.39,5370.49,441.08,108.34,34.56,380.89,129.27,192.38,158.02
Australia,253.16,846.23,340.99,248.68,103.46,54.61,179.2,276.17,1707.42,331.98,778.64,176.89,89.11,111.02,141.12,2448.62,128.18,674.05,118.14,739.8,428.27
Austria,249.18,279.79,151.41,455.27,184.9,85.56,81.2,346.33,1413.61,342.0,258.83,387.86,1075.79,362.92,193.23,881.04,447.45,1353.66,350.04,85.66,74.19
Azerbaijan,1518.9,1633.5,243.54,198.67,1256.71,96.33,119.11,554.54,196.41,289.94,247.49,408.46,1190.7,319.07,554.88,37.51,277.58,125.41,86.14,121.11,208.66
Bahamas,728.3,77.36,300.5,179.58,210.01,794.39,499.16,1110.1,249.71,145.31,232.98,371.41,347.72,98.54,319.04,366.15,3612.97,1903.89,124.16,218.64,67.45
Bahrain,161.44,399.58,973.27,140.57,151.51,34.04,247.68,100.73,171.64,121.26,265.22,50.25,67.21,2450.53,80.43,97.32,1829.37,5323.46,90.31,201.66,410.09
Bangladesh,1641.74,108.63,228.04,634.06,450.15,200.07,254.93,73.69,229.67,223.28,367.59,167.25,467.01,802.34,340.44,414.29,307.34,291.46,141.64,399.94,264.42
Barbados,2363.69,1405.53,428.66,135.88,95.81,959.06,379.01,471.05,50.92,736.75,459.08,96.0,181.87,379.38,307.13,217.6,262.78,226.52,339.47,1269.41,22.38
Belarus,229.97,347.69,391.82,200.92,50.3,404.56,1639.53,62.86,691.35,209.83,274.1,101.69,208.59,1069.4,521.9,1647.68,945.98,452.1,1666.94,452.06,667.01
Belgium,216.64,311.49,145.09,783.99,89.7,637.25,240.85,940.17,617.5,1799.85,605.22,60.51,272.56,90.27,173.56,1320.86,551.34,144.88,105.75,301.15,86.34
Belize,148.96,398.15,925.31,535.7,29.47,395.12,313.2,440.85,1467.07,37.02,161.37,526.22,59.93,1275.08,421.23,679.53,164.66,657.59,848.34,367.86,368.42
Benin,381.9,122.91,251.46,250.21,427.61,792.06,101.12,257.19,1282.12,138.55,128.07,356.78,678.03,294.78,1100.78,686.5,676.3,507.21,2988.31,237.38,39.3
Bhutan,1449.63,184.4,324.63,1079.62,58.71,83.36,58.76,131.72,452.35,492.26,384.17,70.95,28.93,307.71,181.82,461.37,588.02,334.64,623.25,366.51,495.16
Bolivia,144.05,243.52,354.81,662.05,196.58,490.77,223.4,259.11,668.03,39.72,79.71,66.2,28.25,147.9,616.62,219.19,355.17,866.13,1099.38,271.97,1128.22
Bosnia and Herzegovina,319.56,126.14,160.84,66.31,119.9,203.73,650.93,1628.77,73.16,431.66,102.95,468.49,255.63,46.71,737.38,159.14,170.87,99.99,151.49,447.06,241.19
Botswana,404.83,418.52,1091.68,206.86,66.55,847.28,209.21,888.38,427.6,255.62,413.06,2050.47,2325.74,312.37,342.07,854.96,125.1,406.62,283.99,398.9,126.65
Brazil,59.46,36.67,95.34,184.22,217.37,2022.41,880.78,111.35,412.62,193.98,219.3,3403.4,6043.51,5371.49,2815.26,5015.59,5076.85,5324.46,2989.31,2842.94,5373.54
Brunei,520.92,275.35,245.77,133.66,448.14,124.37,567.02,862.73,420.46,218.89,458.87,214.03,742.75,46.68,208.35,39.81,65.35,1139.88,713.37,141.93,64.87
Bulgaria,15.03,169.24,3278.78,450.2,166.54,464.0,61.18,216.48,321.92,267.39,642.66,411.36,568.58,146.41,715.25,1485.86,110.46,119.95,1108.31,240.68,1186.35
Burkina Faso,187.22,1248.7,332.39,377.3,1393.44,202.97,113.71,186.09,458.13,60.89,551.3,170.04,918.39,26.59,132.72,53.97,127.56,373.34,243.61,226.2,248.55
Burundi,357.17,106.3,590.91,565.37,428.31,508.44,391.99,2230.29,267.13,214.38,137.18,103.81,83.96,119.82,271.55,407.12,306.73,135.54,716.94,610.47,248.43
Cabo Verde,151.7,504.33,351.7,68.49,272.28,378.74,118.52,352.36,68.03,1108.76,1015.12,226.4,419.17,26.18,91.69,217.25,99.75,595.38,2147.6,89.85,126.13
Cambodia,368.8,1459.61,85.84,373.85,1801.02,55.87,80.94,190.8,173.16,656.82,371.1,49.4,487.95,163.58,1042.38,155.59,154.19,500.67,624.99,456.19,54.01
Cameroon,499.12,103.6,368.74,70.18,455.38,130.09,80.82,595.04,371.09,157.72,1243.88,187.57,300.94,381.35,156.83,466.82,170.95,193.09,1138.49,102.95,26.1
Canada,1459.35,3729.91,194.33,42.01,213.65,218.89,241.02,95.72,520.28,492.41,65.39,586.4,2269.91,346.12,207.99,252.85,539.19,51.63,343.51,197.23,1849.44
Central African Republic,244.85,1544.88,96.65,524.3,401.1,122.21,348.0,979.78,210.82,53.67,286.36,118.2,206.95,268.6,52.94,57.93,471.95,172.79,22.42,638.84,382.67
Chad,142.73,78.1,672.24,413.3,3157.12,443.63,429.45,246.63,659.57,544.52,1018.96,173.03,188.56,180.5,642.66,1303.99,184.19,190.57,398.97,227.93,755.11
Chile,30.66,127.5,133.27,28.63,111.18,116.71,238.34,886.94,228.09,103.96,275.3,832.13,109.82,117.24,509.46,233.52,556.85,287.48,587.85,103.52,287.93
China,4354.77,4863.26,3279.78,4854.53,4512.19,4839.6,7001.0,6396.33,3406.19,3939.04,3271.24,1256.38,386.6,627.74,93.19,95.13,456.06,308.92,504.49,241.57,384.89
Colombia,341.36,634.34,653.16,57.68,30.8,793.58,955.79,105.02,45.38,321.77,739.26,1758.83,488.39,200.96,119.3,294.79,216.06,105.61,2261.01,1737.11,907.65
Comoros,116.04,685.28,552.49,453.66,1016.86,550.15,610.83,550.99,409.77,48.97,316.85,167.1,81.04,1566.55,1642.22,1134.6,376.16,1124.89,294.97,356.95,97.65
Congo,433.46,309.57,79.21,276.89,269.1,1758.78,712.67,294.79,373.75,304.61,237.91,98.73,250.58,138.2,83.47,485.91,430.99,48.82,257.79,788.8,840.53
Costa Rica,812.93,303.0,125.18,98.6,411.34,425.85,1055.89,875.5,255.34,83.98,211.81,362.14,238.11,163.52,375.29,176.07,155.52,397.93,194.96,372.01,382.99
Côte d'Ivoire,93.26,180.11,1227.32,91.17,35.1,45.28,300.04,300.58,259.1,981.42,20.13,433.0,1388.88,94.35,199.34,137.27,119.16,210.3,1214.75,1830.23,208.28
Croatia,1958.38,301.99,1683.29,265.47,332.24,420.01,7000.0,682.73,143.67,768.02,202.95,178.58,723.0,300.64,385.06,295.54,408.05,445.76,42.01,567.58,109.16
Cuba,68.89,274.9,316.97,145.66,669.04,76.14,194.0,162.38,278.17,385.17,106.37,601.3,310.39,43.94,41.11,287.87,233.65,262.8,283.39,365.17,751.79
Cyprus,95.94,90.27,97.66,389.06,1012.08,189.33,23.88,53.03,126.69,166.85,193.72,302.9,213.38,832.27,148.23,123.04,470.45,62.75,430.31,322.91,251.48
Czechia,1426.66,156.43,2287.26,232.61,81.27,312.54,99.34,137.42,433.48,507.96,156.44,782.28,927.34,1225.51,494.84,1139.38,44.43,212.07,122.46,328.34,164.57
Denmark,246.82,1914.07,245.94,440.81,231.03,314.36,293.19,456.29,934.6,1513.54,397.2,525.5,92.2,266.92,746.28,692.83,360.11,707.12,476.08,967.89,389.23
Djibouti,204.2,407.75,15.55,427.39,7.59,52.01,457.87,469.82,91.14,142.98,1147.51,179.61,2745.54,290.87,438.28,1468.04,332.23,106.96,261.15,281.24,74.45
Dominica,225.65,138.74,734.48,301.7,219.65,262.07,364.28,540.03,107.24,102.85,879.62,192.96,70.67,454.24,463.21,63.06,366.61,608.13,423.77,548.28,71.56
Dominican Republic,405.8,215.33,179.83,696.01,1279.32,1753.17,1085.31,261.15,414.69,627.43,328.98,332.15,664.19,274.66,140.54,192.55,549.34,292.31,409.53,569.58,200.33
DR Congo,620.83,425.67,84.77,1232.89,176.63,55.69,102.49,104.98,307.04,221.62,208.09,541.59,409.4,399.76,439.06,539.66,35.41,202.43,32.94,302.13,290.09
Ecuador,829.1,955.7,356.95,176.7,473.42,171.9,291.03,781.29,166.84,652.29,573.76,112.17,771.78,586.03,322.7,135.98,123.42,170.23,501.4,112.08,451.39
Egypt,84.19,237.64,325.21,3360.83,73.52,1270.07,338.54,439.65,328.05,454.65,249.92,1247.46,184.63,904.2,153.0,274.39,99.77,459.36,1236.37,269.74,239.35
El Salvador,95.6,231.72,59.26,116.97,365.62,1089.88,4836.87,162.1,1224.28,371.88,250.53,449.17,310.05,325.45,193.73,72.0,62.25,560.07,220.99,160.57,293.92
Equatorial Guinea,645.32,349.04,151.22,993.37,1413.74,477.88,771.61,1009.06,902.27,538.57,530.15,490.03,97.27,587.3,75.11,131.66,1073.17,675.22,1289.76,222.1,92.07
Eritrea,229.15,322.74,315.39,905.5,203.07,414.41,108.44,457.2,292.34,137.69,230.21,242.41,222.44,1713.26,264.11,228.36,35.78,119.18,224.02,146.78,1160.4
Estonia,247.12,1057.07,309.98,302.49,266.67,292.54,1625.56,28.65,39.38,169.29,295.7,581.1,467.73,198.46,807.43,816.48,350.33,763.16,382.78,166.22,585.6
Eswatini,325.52,291.82,1271.26,25.13,70.61,88.92,202.66,225.93,64.55,108.82,123.22,3402.4,1766.14,193.07,202.6,92.35,43.24,259.29,107.44,267.73,58.83
Ethiopia,136.02,338.13,420.32,442.43,77.81,685.05,130.92,548.76,288.35,73.58,212.43,419.97,537.96,253.11,1348.29,798.17,225.46,617.04,2015.47,2069.98,85.35
Fiji,115.39,1286.56,101.14,77.65,179.22,443.65,263.07,152.06,148.5,142.95,120.94,2853.91,392.42,707.38,178.7,241.98,142.77,20.55,73.46,47.66,30.72
Finland,88.19,1096.38,278.77,1059.31,439.57,637.38,118.38,492.14,603.97,163.72,509.97,513.37,168.22,94.83,89.18,317.77,404.16,131.93,299.29,515.61,540.77
France,1375.66,1045.02,107.07,1569.32,171.37,828.56,311.94,192.99,47.8,245.49,61.28,766.71,1328.23,131.35,394.17,141.09,155.45,632.26,280.42,1659.81,179.93
Gabon,791.67,321.25,645.86,186.36,277.34,259.64,126.31,565.04,558.39,527.61,1355.3,1241.6,200.31,423.21,156.21,298.32,159.98,1472.74,419.27,234.34,961.44
Gambia,33.25,38.89,645.9,309.6,374.38,77.36,284.74,2160.99,664.48,345.34,187.87,196.42,34.66,377.08,678.78,60.29,150.41,91.59,110.99,307.44,36.25
Georgia,538.66,619.35,226.72,24.39,107.6,999.96,18.12,205.88,89.55,651.57,148.37,436.49,513.0,1828.11,237.9,424.48,66.01,958.36,136.22,166.34,285.02
Germany,61.06,366.35,766.84,390.62,59.5,257.5,612.07,44.56,99.49,700.19,381.8,440.0,1871.15,465.62,562.67,4383.3,235.33,131.23,447.02,452.05,172.1
Ghana,103.79,2935.57,404.1,140.12,728.32,261.3,226.32,511.37,80.07,414.65,1973.9,464.51,200.06,175.51,193.34,226.07,199.74,728.6,51.5,690.08,199.36
Greece,424.86,94.43,1100.42,1012.77,760.82,64.08,667.76,436.88,58.53,284.44,419.62,508.21,347.95,389.96,1272.1,993.11,16.57,212.17,247.19,50.54,320.22
Grenada,1015.94,98.32,407.98,116.63,148.84,1276.92,169.4,462.67,44.86,1876.44,532.44,242.82,518.2,71.16,950.84,210.78,237.64,178.24,163.07,583.76,376.42
Guatemala,559.23,288.88,486.88,191.71,2709.57,60.76,1028.39,1144.5,124.29,2708.32,788.63,769.66,299.72,234.53,236.37,430.67,1183.22,349.37,117.14,664.64,732.13
Guinea,560.86,614.19,222.27,115.1,122.32,56.79,369.36,268.1,187.7,15.17,83.72,893.95,149.93,417.97,72.54,1228.46,252.34,389.5,2982.72,1327.76,214.49
Guinea-Bissau,161.03,210.45,485.27,262.33,196.28,1263.94,259.98,2905.62,319.12,1737.37,416.6,763.39,141.2,124.1,461.52,783.18,303.4,80.51,74.78,69.94,49.76
Guyana,325.15,897.72,287.55,30.4,240.82,247.65,2370.39,67.88,197.18,1604.66,457.05,511.9,326.82,405.35,634.24,129.71,701.25,73.83,404.71,348.47,157.36
Haiti,284.9,156.38,99.79,204.63,96.62,402.47,92.27,593.95,89.42,165.42,156.05,1096.59,405.49,235.82,479.88,35.43,279.13,2148.07,332.67,311.91,504.18
Honduras,713.67,39.54,54.19,359.64,142.58,1082.29,212.65,42.11,82.01,18.64,230.6,241.39,190.63,857.22,966.16,245.78,34.47,540.28,507.84,397.11,777.66
Hungary,90.92,2172.36,111.65,616.49,53.92,114.96,1327.67,224.51,675.01,369.36,262.4,1139.86,230.02,49.11,130.53,505.73,432.82,60.81,141.24,162.89,202.22
Iceland,73.62,155.47,140.64,630.39,654.54,251.89,196.91,335.2,128.8,92.57,113.82,154.47,91.04,342.71,604.58,59.6,298.85,233.9,410.07,287.69,68.12
India,82.47,300.14,815.33,31.84,411.8,957.6,250.08,505.23,144.28,258.64,57.62,27.95,748.13,108.83,184.8,72.85,71.15,244.93,140.5,425.29,458.22
Indonesia,401.68,369.97,1411.74,100.2,275.86,904.61,1032.1,70.32,213.25,1133.35,484.39,354.28,234.42,198.54,388.79,226.43,279.29,315.26,147.93,496.18,5372.54
Iran,49.3,402.95,136.27,519.16,305.32,624.32,944.18,353.27,904.03,27.95,1429.76,424.06,856.33,86.05,126.98,337.22,286.51,386.79,862.06,49.88,771.73
Iraq,293.86,237.7,66.93,481.96,26.07,557.36,65.54,307.44,258.69,938.56,243.75,145.57,175.6,1040.75,498.25,198.18,230.07,60.8,429.79,50.15,618.07
Ireland,331.44,3170.88,97.0,263.0,1760.05,959.3,145.27,364.59,292.02,386.36,144.91,266.53,58.95,333.6,457.07,232.15,57.96,783.17,419.61,141.01,220.13
Israel,64.98,104.52,170.2,995.49,153.75,552.82,170.12,373.44,253.01,697.76,170.72,60.48,73.18,171.22,83.58,439.23,182.92,3131.97,51.27,357.25,94.34
Italy,177.93,335.7,28.49,369.31,1954.17,185.19,377.9,812.19,247.36,163.02,29.94,553.25,260.25,105.86,330.77,162.57,171.81,534.38,76.43,830.58,72.03
Jamaica,150.22,1993.72,899.79,321.31,113.78,171.66,313.59,302.58,266.12,282.58,235.2,68.91,173.87,727.37,74.18,241.11,128.39,325.76,197.59,1276.92,483.67
Japan,78.49,570.23,134.31,163.66,398.87,178.23,711.71,134.33,156.94,151.18,165.53,874.81,546.54,1611.23,2814.26,103.97,312.7,89.89,133.92,155.2,101.26
Jordan,101.79,252.28,86.32,676.5,116.4,4838.6,185.57,313.2,79.8,1605.04,892.76,392.18,75.79,359.77,94.95,1257.86,654.59,320.62,25.49,109.01,579.74
Kazakhstan,980.14,883.58,59.31,394.01,804.59,55.51,289.14,383.24,215.73,45.73,210.42,210.08,251.32,165.89,187.13,280.09,453.62,214.95,193.48,319.63,42.69
Kenya,469.58,291.27,303.23,761.69,41.35,40.49,383.22,289.37,345.5,183.59,566.32,740.59,472.86,224.52,35.41,628.95,988.85,555.22,120.92,571.7,689.07
Kiribati,1385.24,121.35,232.38,615.28,308.65,95.34,441.17,519.82,318.23,363.0,225.0,1278.05,118.41,161.98,294.65,701.88,65.2,78.61,37.98,301.12,95.25
Kuwait,198.4,564.64,153.43,367.27,216.04,570.74,468.69,145.89,246.2,827.62,431.9,72.09,561.4,98.51,1196.7,811.52,389.44,341.06,236.46,574.41,201.15
Kyrgyzstan,368.85,696.97,166.17,157.37,88.27,100.52,46.82,604.64,1778.86,1212.14,57.32,601.64,1208.24,184.57,322.55,39.13,380.52,100.61,355.83,61.17,501.53
Laos,811.86,133.17,93.49,33.74,223.27,162.91,61.79,458.44,185.83,99.39,167.38,850.75,532.59,255.9,541.27,91.28,301.02,337.69,182.18,450.46,133.54
Latvia,485.23,506.07,15.76,958.26,13.83,157.4,812.54,212.2,67.26,97.62,813.8,42.66,901.27,275.81,88.45,162.67,105.38,693.0,606.22,52.23,194.65
Lebanon,122.93,1062.44,75.54,1449.6,281.89,91.18,148.05,130.74,81.47,320.42,85.36,32.93,199.36,48.04,137.37,117.41,121.95,2155.49,308.35,372.48,49.32
Lesotho,151.54,361.45,104.61,722.61,87.54,218.86,162.19,343.48,153.6,222.28,230.14,139.83,473.38,369.89,266.72,189.49,646.36,230.21,214.46,323.6,1589.86
Liberia,76.28,629.34,43.89,362.16,1407.96,475.08,345.65,166.39,300.62,226.5,132.8,218.1,355.38,135.31,130.13,74.78,430.75,502.77,367.41,765.08,318.2
Libya,431.31,394.91,265.94,171.4,2667.68,185.46,149.75,449.81,374.9,71.52,895.6,265.24,95.96,956.8,544.84,82.29,1723.3,563.19,288.48,1429.43,341.76
Lithuania,283.36,150.58,521.48,469.38,295.74,132.27,331.87,271.79,76.81,66.89,512.84,21.6,357.89,180.68,1078.21,177.92,563.57,195.96,326.54,608.9,183.51
Luxembourg,789.47,107.89,391.27,733.22,563.88,1980.8,135.83,73.38,107.82,564.11,479.5,322.81,94.81,627.46,85.64,928.68,5075.85,420.42,522.13,178.03,47.68
Madagascar,159.51,97.7,68.57,1631.36,382.86,426.03,213.96,245.17,764.61,282.16,495.47,239.56,206.99,71.37,40.33,224.36,308.37,80.53,281.56,307.53,33.74
Malawi,116.71,437.94,429.18,91.94,341.47,810.15,633.9,264.95,182.52,155.32,465.28,354.22,546.87,332.52,660.88,320.35,638.74,696.2,130.36,47.78,1364.17
Malaysia,376.71,52.47,142.74,630.61,220.33,174.64,1182.86,102.26,131.19,360.03,430.64,478.74,724.91,355.45,475.42,224.89,310.29,324.52,361.37,631.03,507.73
Maldives,304.61,129.76,311.84,283.38,353.54,2647.41,172.61,444.57,848.33,321.44,3018.93,199.69,402.99,131.11,205.06,373.81,679.34,400.98,1026.52,265.03,209.06
Mali,4353.77,432.27,141.93,145.55,113.54,743.51,202.44,331.02,273.5,605.65,124.97,99.41,364.71,531.54,406.4,129.72,573.81,138.51,173.0,113.39,1070.6
Malta,549.07,533.68,1014.37,4853.53,52.75,139.27,157.38,124.46,99.21,215.97,86.33,407.42,306.9,471.46,484.22,532.63,200.62,2430.75,368.43,45.26,106.96
Marshall Islands,51.13,296.53,258.01,182.43,2177.08,504.61,602.39,114.86,107.3,302.36,346.48,45.54,243.35,295.56,235.02,129.21,169.91,244.19,319.13,533.58,858.91
Mauritania,217.12,184.69,451.45,536.82,188.79,642.4,776.19,1060.5,1725.26,122.53,295.51,294.74,264.21,152.25,65.97,319.73,135.16,317.6,131.73,97.04,368.38
Mauritius,338.91,520.14,2593.27,384.56,473.38,99.21,80.47,1418.91,115.74,102.6,280.26,266.3,118.19,214.83,996.44,130.17,72.32,748.0,476.81,156.69,59.9
Mexico,138.41,275.92,934.94,103.36,267.81,572.47,26.94,819.42,89.33,406.18,372.97,862.12,505.6,27.05,132.96,334.63,239.81,469.85,641.74,535.53,235.22
Micronesia,45.99,184.81,441.94,97.94,547.9,722.85,330.85,13.61,81.18,1921.77,168.73,40.07,1002.31,295.35,879.85,384.43,460.99,418.98,585.4,2841.94,769.56
Moldova,60.01,455.54,912.6,970.21,190.22,934.26,736.98,3817.42,137.66,175.46,214.58,178.5,119.68,18.4,188.69,421.65,177.97,2018.67,295.36,1059.81,378.51
Mongolia,665.95,385.31,1145.5,308.2,478.63,420.37,218.44,436.94,2722.21,222.39,443.31,1025.15,911.48,294.87,26.88,488.59,31.67,1267.43,345.26,791.94,118.24
Montenegro,61.7,378.25,281.8,178.26,317.18,4638.97,671.38,832.4,677.73,1279.56,240.99,37.34,241.34,656.25,110.5,244.31,145.92,1308.77,616.63,559.11,542.62
Morocco,280.78,355.09,89.09,32.73,338.62,402.95,976.6,1402.69,1400.82,107.42,204.91,471.14,3665.49,1280.38,892.66,197.75,120.5,641.44,96.95,229.61,259.83
Mozambique,1433.28,204.41,25.42,482.63,144.86,304.13,267.23,221.65,642.36,62.93,173.78,577.58,157.71,58.32,568.71,895.97,278.61,41.02,590.39,55.42,396.87
Myanmar,119.98,91.38,187.34,242.62,153.03,525.06,186.56,776.66,386.06,145.08,122.59,56.11,389.77,204.43,27.18,170.56,118.37,1408.79,53.09,68.96,884.29
Namibia,1131.81,138.36,154.89,539.72,28.44,45.31,220.1,1372.93,188.5,322.39,905.6,2396.34,163.69,286.57,1802.39,63.6,814.35,105.27,322.88,228.65,111.81
Nauru,109.04,384.22,788.67,255.97,312.6,515.94,110.3,610.64,661.27,3938.04,200.08,184.33,628.78,661.11,170.67,194.74,500.67,127.39,193.31,318.75,788.99
Nepal,159.21,46.17,42.87,82.71,78.39,249.69,88.76,144.32,134.39,187.6,1093.69,564.96,296.17,183.79,188.97,404.46,522.69,117.59,302.26,38.21,360.15
Netherlands,624.51,220.25,1792.45,120.73,362.22,281.18,263.62,259.95,324.38,680.46,1155.8,290.78,658.61,144.47,626.89,136.02,867.38,2658.33,257.94,32.53,168.47
New Zealand,998.93,506.68,373.8,799.1,473.08,984.9,730.87,1334.77,417.22,720.59,214.37,159.71,1606.12,361.77,651.77,329.82,162.11,294.65,1225.13,507.78,52.63
Nicaragua,235.0,1732.13,235.34,48.15,1935.0,576.63,271.73,201.02,860.2,169.5,918.8,501.2,372.22,337.08,244.65,829.19,122.67,57.56,538.75,547.88,471.09
Niger,438.14,211.51,640.53,278.45,179.06,213.35,2198.33,51.41,480.39,54.36,261.54,188.89,36.23,430.03,199.29,35.72,674.78,1223.92,1293.28,417.28,305.17
Nigeria,1099.89,1567.43,905.4,113.67,356.44,452.29,47.71,465.99,2829.35,552.66,1271.85,349.93,270.86,426.7,128.89,111.17,1033.92,1149.58,108.17,767.25,267.16
North Korea,409.37,461.75,787.74,316.57,1193.89,397.11,544.03,126.67,2523.67,466.21,594.55,58.36,128.01,1004.95,388.27,42.99,823.12,169.19,1195.27,266.93,357.64
North Macedonia,947.44,118.79,107.98,239.44,666.46,77.01,54.97,664.17,159.47,196.88,45.51,147.8,289.24,738.92,134.77,1528.72,146.97,147.19,1355.83,360.06,167.8
Norway,249.55,1127.64,1262.71,128.77,279.33,318.93,108.7,275.65,292.99,911.44,974.8,209.68,235.3,566.29,162.33,525.03,266.91,110.54,111.94,1238.77,249.23
Oman,1502.92,174.37,389.95,3189.08,101.23,43.68,1055.11,127.49,285.46,162.21,381.07,112.65,243.44,456.97,106.33,144.71,205.91,69.83,191.0,328.2,195.44
Pakistan,222.17,285.69,151.27,581.65,1225.11,183.17,473.43,229.34,420.02,1394.92,484.67,49.47,458.89,999.92,233.51,788.75,146.16,65.97,335.62,50.32,229.3
Palau,1055.38,43.17,81.07,103.83,273.55,202.17,1180.8,756.85,478.23,337.12,431.83,123.08,686.79,95.85,671.95,954.28,359.85,244.35,434.9,16.66,394.28
Panama,260.2,277.05,590.72,270.44,93.19,253.0,311.8,326.93,342.66,824.01,98.37,347.41,1058.64,51.43,348.79,162.3,201.16,117.92,245.98,1837.33,82.3
Papua New Guinea,90.49,79.27,1639.64,183.55,284.06,194.81,113.34,230.36,3405.19,1172.49,124.2,556.9,126.89,49.33,807.81,929.74,829.53,182.17,246.67,616.82,431.09
Paraguay,196.6,57.73,326.58,857.33,87.99,552.01,406.0,617.06,697.0,145.52,57.85,170.94,709.06,169.49,145.59,47.16,1681.53,665.49,629.36,767.04,518.8
Peru,228.26,247.41,190.04,4062.49,508.12,183.28,464.2,106.05,1312.01,150.47,481.01,846.23,428.2,320.31,294.6,275.44,163.71,185.92,1279.73,261.46,132.82
Philippines,173.91,875.84,572.73,510.37,225.27,517.07,153.12,224.8,768.64,698.61,109.17,123.88,324.9,1637.53,42.92,384.96,73.61,154.54,202.43,191.39,170.89
Poland,293.54,170.64,67.52,635.67,618.74,677.21,62.43,392.97,572.95,103.92,294.12,259.45,1838.97,1996.81,55.17,3528.89,116.7,777.03,769.17,107.68,477.27
Portugal,261.72,507.32,367.04,964.06,314.26,246.4,872.08,520.72,605.85,149.94,102.47,165.19,156.65,639.71,773.4,249.56,1218.93,1145.14,371.75,128.11,1408.37
Qatar,274.18,330.62,207.52,119.7,67.1,548.77,133.14,6212.65,98.37,82.88,485.39,1344.97,310.88,516.49,46.12,148.01,99.6,43.81,327.6,30.94,77.68
Romania,170.31,126.92,433.21,395.6,712.38,618.44,911.99,290.87,394.76,486.06,335.78,195.9,209.01,128.67,444.27,265.28,150.15,150.29,86.87,775.61,315.27
Russia,122.98,654.16,166.39,71.4,809.19,170.33,193.62,303.69,913.61,297.33,87.86,502.04,179.44,1925.1,291.11,31.18,416.62,2037.36,1409.14,1818.5,105.11
Rwanda,725.57,141.57,364.71,81.6,152.99,148.2,715.78,649.06,384.38,75.52,213.4,138.2,695.4,946.71,838.15,136.95,18.83,49.79,1207.66,195.11,137.56
Saint Kitts and Nevis,1506.39,1032.74,298.65,217.33,255.37,365.76,1443.55,444.65,602.35,938.31,90.48,619.97,217.08,23.54,34.7,105.29,495.73,326.56,350.44,2050.33,81.92
Saint Lucia,283.55,395.14,139.57,299.81,58.84,1193.59,147.41,2222.11,282.12,814.74,276.31,282.61,162.52,328.3,400.54,133.03,257.18,158.33,2905.83,266.42,1366.55
Saint Vincent and the Grenadines,239.65,377.7,77.75,186.37,359.73,1423.42,363.87,1162.74,553.1,1483.58,274.72,3181.27,179.36,135.42,86.9,2998.41,661.33,208.66,1016.21,579.7,2081.7
Samoa,61.99,223.51,183.51,40.49,841.46,222.39,610.6,3085.85,204.7,191.26,328.15,782.16,165.36,155.07,838.82,425.58,37.72,85.58,1307.73,435.61,135.99
Sao Tome and Principe,245.77,295.32,608.23,74.93,125.7,382.9,263.74,516.29,85.23,416.52,868.18,474.2,334.93,264.79,126.46,271.19,1027.12,258.73,119.7,178.14,356.26
Saudi Arabia,200.6,473.48,491.6,708.96,1209.99,788.92,114.5,118.07,270.17,185.61,93.36,187.38,181.33,148.85,212.52,946.97,355.69,3451.7,345.61,218.05,292.64
Senegal,376.65,450.37,2325.11,125.15,688.05,358.73,60.56,629.87,1035.29,123.67,288.84,51.91,82.77,831.18,182.8,96.16,366.6,172.85,182.0,610.41,91.2
Serbia,117.85,339.98,768.33,1005.23,149.87,744.11,133.04,1809.89,93.79,1100.25,151.16,2182.13,526.44,105.51,172.88,636.51,835.02,271.54,304.74,622.14,332.49
Seychelles,79.94,129.26,368.68,982.69,1466.74,635.45,388.43,616.23,149.61,250.03,127.83,83.6,406.82,350.84,579.67,503.17,371.47,508.48,279.26,440.41,140.99
Sierra Leone,421.79,568.63,149.18,306.94,156.21,172.14,94.62,1033.38,845.98,498.82,2094.37,241.19,6042.51,232.13,376.16,195.79,422.9,672.11,260.06,1722.5,370.17
Singapore,381.95,117.43,442.89,254.88,158.63,134.07,4215.72,223.93,67.89,144.98,276.79,503.45,507.56,573.31,152.93,409.63,121.36,156.83,116.41,88.8,844.73
Slovakia,580.23,773.93,303.12,633.73,50.08,690.83,347.91,545.62,426.17,108.61,65.16,142.99,512.72,581.09,74.21,109.26,141.4,203.87,74.65,70.3,128.12
Slovenia,317.69,89.5,259.57,839.97,79.28,237.07,812.06,191.82,164.21,932.91,214.56,879.46,447.55,206.84,470.83,401.52,808.92,168.42,303.69,274.05,589.31
Solomon Islands,104.55,805.76,464.58,78.09,975.62,2721.41,793.65,1214.15,317.41,55.33,46.09,376.11,161.23,116.77,273.71,539.37,68.17,186.03,1319.07,99.44,695.46
Somalia,179.48,503.01,873.18,611.61,723.41,92.13,887.56,124.23,377.8,377.31,473.4,408.2,125.34,75.56,697.26,350.95,919.83,278.68,71.5,765.82,201.23
South Africa,410.27,152.53,1508.87,121.3,207.97,324.49,97.77,405.59,1460.77,178.46,432.66,18.64,280.31,213.1,128.55,859.42,210.31,244.04,199.86,42.86,93.96
South Korea,761.97,35.33,135.44,195.41,1666.42,628.55,166.94,1074.19,138.98,799.44,74.88,852.41,194.16,104.2,234.55,384.58,177.69,507.13,162.69,541.96,453.52
South Sudan,274.21,187.43,339.12,505.26,2290.7,745.63,773.4,6395.33,488.22,473.17,589.24,106.26,186.96,175.68,556.92,244.85,334.63,864.6,690.88,247.92,149.13
Spain,906.95,631.88,58.47,213.08,343.89,635.01,724.09,387.11,523.25,310.74,148.56,224.43,297.02,281.5,44.22,195.85,308.28,219.96,227.69,474.76,99.07
Sri Lanka,57.21,205.75,625.73,1575.56,637.11,67.12,231.01,376.7,348.07,499.75,116.49,310.99,443.69,665.46,130.2,206.37,19.51,156.55,172.5,105.13,343.93
Sudan,275.58,30.44,361.52,115.18,473.67,80.88,300.31,219.57,394.62,330.14,225.8,62.71,66.53,162.54,289.03,158.63,544.58,220.43,111.03,220.68,365.28
Suriname,403.31,1906.82,149.29,270.79,446.28,284.69,176.65,61.9,174.86,99.59,51.84,131.52,102.28,522.49,531.61,118.03,224.66,45.45,177.77,434.33,664.98
Sweden,142.85,834.36,64.02,83.7,592.57,1549.88,477.35,279.91,32.45,38.57,331.7,203.72,96.45,311.17,326.99,749.37,334.09,995.46,293.77,259.69,844.82
Switzerland,109.55,4862.26,424.14,426.51,492.7,1904.45,643.76,58.54,1185.93,207.25,324.4,81.09,493.25,151.93,322.14,219.36,1997.85,2115.55,305.31,310.69,200.61
Syria,880.79,209.74,191.23,775.42,170.12,280.64,59.95,589.34,2029.77,599.46,1257.16,125.05,369.13,113.48,232.07,630.82,322.67,70.96,78.24,73.23,476.4
Tajikistan,2295.5,1138.28,43.76,1206.99,743.38,62.15,215.21,871.6,505.35,78.71,536.76,34.37,233.22,909.38,296.84,176.95,709.21,772.45,1080.15,698.65,859.36
Tanzania,606.51,380.06,318.72,229.88,86.7,112.11,219.82,371.02,1231.05,279.5,794.96,857.59,231.22,528.21,228.44,1093.29,550.41,88.62,342.52,1514.63,243.13
Thailand,456.02,503.05,103.36,485.67,72.31,155.9,854.52,416.37,214.93,455.44,274.44,295.12,562.07,140.81,303.43,213.27,59.69,116.09,1398.31,428.18,77.57
Timor-Leste,62.46,260.51,1388.53,241.79,1076.87,414.36,466.88,76.64,744.22,208.49,690.84,129.11,347.88,414.39,249.83,436.75,223.28,152.28,1451.42,831.94,136.18
Togo,514.53,138.67,89.13,819.44,53.02,736.32,226.35,235.87,439.03,521.14,127.54,597.37,326.42,82.99,245.9,1159.9,1558.39,597.15,88.63,476.0,682.44
Tonga,602.16,638.91,419.09,271.08,158.61,43.68,409.3,351.03,508.97,76.5,555.48,2274.14,315.22,274.01,396.95,2224.19,104.71,357.1,130.99,168.65,277.33
Trinidad and Tobago,1121.18,1764.82,456.21,199.98,3524.7,190.04,164.63,49.4,1177.21,767.44,3270.24,72.62,1252.61,312.61,652.57,56.09,1265.08,639.91,280.31,555.53,135.55
Tunisia,163.26,183.34,45.7,689.92,959.49,144.53,412.82,223.47,404.68,155.59,120.47,834.54,273.4,2201.56,305.25,115.44,994.02,547.64,602.86,958.54,151.72
Turkey,256.61,245.52,80.16,223.9,1108.97,369.5,75.85,61.5,1540.08,266.27,152.54,221.59,66.52,1209.43,196.72,1143.92,306.88,1217.24,376.72,684.06,598.19
Turkmenistan,543.54,412.71,230.89,1978.8,117.67,292.69,295.8,435.83,189.68,399.24,246.16,59.91,294.23,96.95,51.44,334.18,474.71,493.49,513.88,42.19,74.72
Tuvalu,2097.15,102.27,536.81,146.62,315.6,154.71,510.99,334.15,186.14,101.97,380.92,86.67,446.88,4029.09,1124.37,597.74,267.52,41.93,77.67,1051.11,132.3
Uganda,144.83,246.94,100.76,85.46,277.09,119.5,138.91,133.44,491.36,231.06,243.77,529.41,252.84,220.65,466.5,568.5,251.57,315.9,133.36,123.24,628.89
Ukraine,454.75,459.49,385.93,305.21,584.77,742.42,724.9,263.49,1166.55,366.23,548.5,386.41,373.09,139.64,587.67,5014.59,200.34,312.88,186.53,178.89,1365.48
United Arab Emirates,148.69,181.4,59.58,136.62,52.79,548.19,4791.07,201.97,55.04,716.81,140.88,1068.66,219.81,154.93,243.92,621.78,232.15,177.34,238.88,81.69,433.48
United Kingdom,48.82,186.92,622.78,394.6,525.91,273.08,938.76,734.74,455.3,736.83,617.23,187.79,76.01,443.71,503.16,867.21,114.26,117.73,461.61,271.41,44.21
United States,424.08,45.71,113.25,1126.07,1807.48,86.41,209.65,304.12,1730.28,178.03,180.9,1371.33,200.34,600.05,66.53,245.57,55.44,101.43,674.53,277.25,211.81
Uruguay,137.84,233.73,393.83,778.78,21.11,126.86,341.69,264.0,436.24,380.83,214.85,172.08,227.99,919.25,140.16,273.69,350.08,1387.37,215.83,760.23,999.04
Uzbekistan,273.43,236.06,209.72,225.65,684.75,367.17,368.74,94.59,110.76,2485.57,243.96,134.3,1219.15,386.3,519.55,253.86,211.91,245.97,73.12,266.9,391.84
Vanuatu,1854.32,317.61,28.24,265.29,4511.19,693.1,129.53,526.32,138.77,75.26,205.7,319.37,44.82,92.36,294.46,193.76,432.52,86.5,595.22,89.22,1506.5
Venezuela,52.41,97.73,442.39,1539.24,399.36,511.66,296.59,104.42,178.52,86.74,81.13,435.53,94.79,401.16,79.28,391.97,178.78,1189.67,402.84,1002.84,136.89
Vietnam,308.26,109.26,192.71,224.24,141.03,86.43,70.9,28.08,101.34,545.83,58.93,74.19,1747.1,154.21,401.76,553.98,565.29,63.59,231.31,57.78,3364.82
Yemen,59.14,102.2,102.95,65.25,1127.1,3285.45,181.1,77.82,31.12,228.31,212.39,151.94,363.65,432.67,402.58,212.45,96.85,567.16,295.1,708.51,642.19
Zambia,70.32,69.45,136.9,101.35,620.21,414.11,874.8,433.24,359.05,967.33,466.16,311.97,1280.83,327.01,214.96,126.09,588.65,1004.12,277.06,1077.85,40.64
Zimbabwe,275.71,279.98,140.87,3161.09,272.77,193.85,299.1,39.33,136.31,779.03,155.38,127.22,1079.59,1113.28,488.73,184.88,229.37,130.41,107.77,102.55,157.08
Andorra,51.37,79.35,252.88,117.58,195.49,153.75,65.75,150.01,82.25,81.92,109.88,35.28,236.48,64.17,206.76,112.93,300.0,64.68,82.53,130.03,21.89
Tuvalu,2097.2990142459034,102.24766622527015,536.6643909356512,146.8574988081889,316.0885846636714,154.47093142335888,511.76200794097497,334.1211820300826,185.72620423159563,102.0976372685355,380.8985196221758,87.07924212899215,447.2057686697495,4029.1705776836593,1124.9353758917803,597.6189054610275,267.2417940597428,42.205746252083,77.82633672851381,1051.4808392165417,132.24298828949955
Burkina Faso,187.17852070964864,1248.1243686354103,332.4145622418159,377.4872359451157,1393.0259695625357,203.14312163815416,113.72776553020434,186.4347819978857,457.91072098801743,60.59990715706124,551.288833329047,170.07756735079437,918.532409469864,27.04854052792376,133.18297305848165,53.683463226195194,127.63151069482043,373.6401746954129,243.80356467578503,226.22659727728842,248.44276637315687
Guatemala,559.4243065614302,288.87204583736525,487.574397570002,191.89850365277928,2709.0589852681937,60.6990863841871,1028.394178787574,1144.2890470724622,124.28006190813787,2708.3056865931576,788.848288863091,769.5311783376624,299.7124919123765,234.68235072688688,236.2233451734641,430.79707971967804,1183.5125592889347,349.16881393727704,117.30668133980103,664.6991947122217,732.0758824954713
Slovakia,580.6869089569225,773.9480690629823,302.5598204422225,633.7263259681459,50.063335690331016,690.9413437620115,347.902762473867,545.609503452851,426.70836735905533,108.60891923827283,65.17558376574219,143.0266892509097,512.9653298897601,581.2514888237149,73.87411477001329,109.87875747577294,141.55032825098195,204.2877395900193,74.67687420437657,70.11470443136969,128.53185454240295
Malta,548.9997539875831,534.4189726337455,1014.5758780571124,4853.260823688554,52.86521963468179,139.08880444398525,157.43942542823035,124.99124019069065,99.05471661028915,215.62249059324225,86.54979202316467,407.58298940871094,307.31706226470516,471.78175220119294,484.26226587407336,532.3097401257237,200.67687448497963,2430.6749860456202,368.3707984739078,45.16517814319188,106.29644142660115
Lebanon,122.85975891291525,1062.3822917105658,75.05618523864311,1449.622741367458,281.88019157557176,91.20597693624188,148.00669187642282,130.55190988266367,81.53713638549166,320.87101949053016,85.33578502596743,32.94465802109771,199.52734309190558,47.930514181137134,136.83946819033116,117.41726583700182,122.25031382777014,2155.576608088784,308.30461801490395,372.66473134493134,49.7800301103889
Vietnam,308.73376384465223,109.3504642027001,192.56842044026317,224.03685148654637,140.40976736998803,86.38329682938239,70.72790139793594,28.623734567399076,101.33507313117818,546.0932086871727,58.95359055709483,74.20217750736116,1747.103105785953,153.9582370997983,401.8569503142554,554.4036661666247,564.4790303121002,63.66809655163137,231.2515275158942,58.141165331150646,3364.3928128542652
Saint Vincent and the Grenadines,239.88023041874587,377.6895864690884,78.0766851790902,186.66253592002533,359.7032639881462,1423.770334618498,363.7059423176279,1162.9523255806366,553.4565179820345,1483.513710747851,274.1205397946404,3181.059402493658,178.96644913029496,135.10655724179367,86.8557192241104,2998.386107582626,661.5333625958593,208.61970737755883,1016.5501310290601,579.6581661172958,2081.6200043012295
Brunei,520.7791576842195,274.99939658871415,245.78928400572866,133.61588278554936,447.74865914984855,124.44632625299037,567.0101740189352,862.5612599672318,421.2180797277621,218.89806575169834,459.14489830241075,213.83112972473472,742.4304659010774,46.0900930231872,208.21018904943952,39.945711538874924,65.15377729506177,1140.123242481948,713.5480670166843,141.79494322054458,64.7412266739104
Honduras,713.8327680130758,39.8828468443545,53.86667656662121,359.39235084096225,142.78090176464903,1082.3912807986226,212.48697256865987,42.29972232171666,81.85073936812391,18.702514842384268,230.7039465427694,240.9692184184601,190.53843258869358,857.8368621389822,965.6815890798199,245.46128194155594,33.92081013094306,540.5180466161656,506.9578834096007,397.110158387657,777.8365659809311
Kyrgyzstan,368.7109746921563,697.195579909806,165.955408887222,157.27358424750412,88.37997947382905,100.39643691016326,46.60614626519685,604.931766334888,1778.7131681672445,1211.5274795394728,57.6194030329579,602.164873022956,1208.0571463393521,184.2390374902835,322.70408003197093,39.2584921291623,380.6733607798575,100.08544040802855,356.02677023295894,61.35036202467874,501.05056269443486
Mongolia,665.810281073929,385.5473095841129,1145.7038793246804,308.32387943628265,478.3480360641018,420.22371813277823,218.47192906830756,437.12654298866516,2722.523248263121,222.31584678524382,442.4411233865419,1024.7768410293827,911.4239086091044,294.80362391292425,26.720189748101426,488.5338567204986,32.08209756354889,1267.8213020728635,345.3184208584156,791.50684355516,118.37865179982458
Cyprus,96.01258868146981,89.99718376356158,97.44089001048485,388.8908826341588,1011.925839924799,189.20023254365412,23.803506834773742,52.55893258403287,126.89456744688789,166.64540472560066,194.34651241143422,302.6921284406612,213.39699497746912,832.1869560100333,147.8790249492869,123.33571899870397,470.40876544561166,62.2512524035893,430.3043873730662,322.2211457140589,252.08729288698603
Qatar,273.60601592660265,331.04083829328084,207.5849375768746,119.45333388133007,66.7822359434333,548.8883356427135,133.59119789657478,6212.431858847252,98.92401219772081,82.57951399703153,485.34812311155343,1344.7544778203292,311.038907826307,516.5822220093428,45.258321336015506,148.36621581546942,99.88586236416087,44.1197638613025,327.48344446407333,30.774838945152528,77.27104779862216
Thailand,455.5025246502461,502.62944468116234,103.37367155197114,485.7431061634476,72.29119627081805,155.77370465575393,853.7247090574821,416.29574440933453,215.1051784555978,455.3556699121342,274.77245484502123,295.38847731308334,562.0488503665823,141.0547211637618,303.4217455284848,214.0468690926056,60.173683477396594,116.42801154104828,1398.6472338159958,427.81378627222574,77.62691185028311
Guinea,560.6913137412278,614.3660571281401,222.07451989571825,115.17348997133261,122.60654269615037,56.876932457068925,369.6874520555767,268.07766997127,187.59221237276387,15.709305958054857,83.40802822186234,893.8615150965124,150.07595049314787,418.22814204650797,73.07167547900093,1228.6338899519642,252.7344743360752,389.17271007093547,2983.004257938637,1327.6075579407059,214.29140534666104
Uganda,144.5261506638997,247.597136687743,101.40318322679761,85.30791704738866,276.79428218609934,120.12262023959363,139.28382555774928,133.6262016292652,491.5371964492077,231.2522528583801,243.95383217151877,529.7843226218021,252.85934232444305,220.47507676842932,466.99837776436436,568.5977388949747,252.06198935881142,315.7767557136136,133.12813669965294,123.19566590435475,629.0177661618579
Pakistan,222.26427419977858,285.3928391024608,151.46017570669542,581.5086885083144,1225.2612139546552,183.4313374110295,472.80798293027755,229.39331030027998,420.35261107417483,1394.7486463030652,484.35397533104793,49.26795281272684,458.29736003009384,999.869863485864,233.3728711230241,788.8083152904732,146.38263824732155,65.63828859945421,335.74211568613737,50.1840254772931,229.30574433322474
Portugal,261.4475927773437,507.15011068111914,366.43245722400275,964.1296149812073,314.10092271448826,246.30219294034964,871.977193721776,520.319396692387,606.0961446543593,150.11177483440684,102.28286931179126,165.27369824866713,156.36819938185437,639.7947739851465,773.2193363818915,249.4540501121568,1218.9526300916705,1145.0755236909135,371.4585029796376,128.54574026034123,1408.1775539272867
Tunisia,162.8363088895994,183.3698954095263,45.75593629443083,689.4855746975508,959.2521381503213,144.89036417664917,412.70856774020126,223.58405935530178,404.8321822093322,156.00980663097582,121.04420940616004,834.289395884022,273.3567737332835,2201.485392662145,305.3906322768225,115.5415451530385,993.5394102564309,547.5475897147443,602.4461145505634,958.6380234293806,151.86636168546133
Afghanistan,395.68969463067646,102.85895730376515,617.0414640605695,746.0677608676871,41.38789089201364,79.12757738809353,330.75774649158467,212.60317572358514,286.90000240687675,124.45739010487384,702.132795279771,634.993544738332,310.96709157714764,900.1722036728061,464.8304843682435,123.3213795769583,421.316181253561,111.9438981596808,701.341984832623,277.33014230788325,242.78130443293603
India,82.40226710985404,299.67480097068017,815.585730000439,31.62446673362427,411.4894273032742,956.9885626394466,249.84665499372275,505.39793713437933,144.6307886771337,258.65788911097604,57.685229861953914,27.593720474291146,748.3099786189989,108.97729248549147,184.89053756994585,72.90053829288088,70.89702602140515,245.3230926238359,140.75871804171481,425.47666214321305,458.16272886248186
Eswatini,325.5402584614064,291.8405688924418,1271.0222437784703,25.065965854486446,70.44390520839585,88.61757410672477,202.32682724636024,226.25423421766638,64.96464769731125,108.62591896668832,123.48102031920662,3402.492946213068,1766.5992252497033,193.29046333581493,202.8298240835154,92.74527926068238,43.89128281524935,259.708705143237,107.72593751361282,267.3883500646658,59.04592738264445
Armenia,1258.622575544136,88.45130888588217,153.67557906755994,115.4732722696794,196.99063663222333,72.99876242369224,550.5456811330271,233.6101766463647,67.1446129662769,105.76946699408408,398.89870456639176,673.9901330642796,2146.7556285555092,5370.6888643806,441.44807996716526,108.03803723041611,34.5072342562703,380.7213495920265,129.4239256260292,192.69173353622608,157.63201811263866
Bolivia,143.88668518264245,243.66207772919057,354.9614961836941,662.4926068650848,197.16941753987493,490.66454595478757,223.68070351794424,259.24775402376855,667.9798645759049,39.83804561562653,79.75512567154307,66.32413972923545,28.185967138720937,148.2520421572456,616.589953777056,219.5319635683387,355.2069614420354,866.0672334378767,1099.5975287360545,271.9472707140394,1127.9330690869547
Zimbabwe,275.7432767769129,279.70417272972986,141.12972655825104,3161.347297886961,272.7805790655915,193.85552551375687,299.4814665284983,39.30895028656241,136.35401410593,779.2985579660083,155.48948830073985,127.16441370233669,1080.0372178410548,1113.334306467611,488.66889787494694,185.27513452020196,229.53544561281214,129.9049685423337,107.92485348613448,102.75114418517236,157.22172188336413
Denmark,246.4747019267733,1914.5349803215051,245.57991107788325,440.762018441011,230.82008234760224,314.8629311936826,293.406501619213,455.7917117199452,934.9619526899526,1513.7305515405046,397.92102467557146,525.46105379008,92.24460023716064,266.5309504156133,746.016605223973,692.7945794419027,360.12308073391176,706.8782389800512,475.8875555214331,967.568442830088,389.6752348085608
Guinea-Bissau,161.1427094055037,210.21502401229912,485.1696496292477,262.3242951376292,196.34419397322026,1264.0380782121292,259.64128446863486,2905.7488854657395,318.87491929870384,1737.6848658145957,416.58271436088995,763.4031434415937,141.09887420866457,124.21990638552579,461.271935893788,782.5434435302974,303.9085153121292,80.79945548992924,74.90957676340219,69.47387237019518,49.866684004635694
Ethiopia,135.83980839302436,338.0333815451383,420.1775164066517,442.12924119060864,77.77630158509275,684.9842698413573,130.76264392011606,548.8223063061489,288.4606019926619,73.41942943653183,212.4903297140145,419.9258993995115,537.7759792009377,252.91459293186247,1348.2220563324295,797.9876534038716,225.27320519147966,617.5246748470645,2015.7101228575684,2070.2253668974076,85.25608259084305
Slovenia,317.602491875062,89.7440551652109,259.37400123022786,839.9644460592023,79.21370912014004,237.31882167435504,812.2068123683683,191.9014736511586,164.0919983563018,933.3052182196902,214.8751963188023,879.7491637350386,447.45925909405355,206.68141499547508,470.9402096520448,401.9090983639683,808.9783822365712,168.049695338436,303.91628739894406,274.16292285782924,589.309787421627
Vanuatu,1854.1394880163311,317.2407407050698,28.769636272084327,265.203402408324,4511.3742500100125,692.4366594072976,129.16336165733242,525.936975427254,138.77862344688046,75.31927988140772,206.03165777988738,320.0331569004774,44.703546954437634,92.53590920562652,294.73407538786995,193.75313958131034,432.29725882429057,86.32226072225413,595.5766740114424,88.94938453369275,1506.124877679809
Uruguay,138.3956834553527,233.79823798038123,393.95149451328825,778.8768155681014,21.33725231301419,126.93068436743258,341.9038995290517,263.67568303787755,436.6235355587822,381.45257826178755,215.2061090916681,171.91275246449766,228.04112486671266,919.6214849214301,139.9190463147959,273.3902093303115,349.68399324663375,1387.3620782729122,216.04249115416033,759.9691010756176,999.2213545979066
Morocco,280.7759508325786,355.4821428262847,88.7117348136995,32.4818307169343,338.46084965571686,403.18125955816606,976.5279023805526,1403.005945856,1400.877329720406,107.21324365457313,205.10161906660875,470.7290591061263,3665.538172194315,1280.386381473021,893.1078065706878,197.59856752363154,120.31646927272841,641.5240483476459,97.05543446226248,229.94763043532444,260.094699918697
Andorra,51.05268672131323,78.86775502963162,253.15535858411644,117.73580395427236,195.3172545278066,153.30642412626605,65.63755375773512,149.998133453843,82.26393096444684,82.44078914094958,109.53709852618086,35.25351538549462,236.480913806046,64.26264990377969,206.6786629196872,113.18218600795137,299.9888889608855,64.43711894402351,82.85104507149492,129.6731764321398,21.754372900150077
China,4355.016763473632,4863.31539015756,3280.416646859104,4854.9898216739,4512.107484490854,4839.943126212963,7001.213287990461,6396.534450209212,3405.782043157706,3939.099373235039,3271.7300294596903,1257.1539128012964,386.7310814509239,628.2506644833906,93.18358981169547,95.2940200704604,455.9312093326448,309.0472183133392,504.4820436222253,242.0628018859768,384.7489873556721
Ethiopia,135.65374690500872,338.2079648382745,420.62973957816536,442.397371955463,77.11942365057932,685.1515489222483,131.0532789934458,548.7684955128391,288.5738760698082,73.38457459891566,212.0860963820944,419.7288976296091,538.317193882436,253.1822259538466,1348.0658364962555,798.0983203702491,225.25227370603784,616.8978481958787,2015.2054376046317,2069.7098137796056,85.42976346889562
Costa Rica,812.9926590785013,303.2345468615332,124.7241890102138,98.72051351662968,410.8854426813404,425.7254136258298,1055.7817101502544,875.5089268418487,255.53364525434233,83.83483424978371,211.9007906395717,362.6317350416332,238.3948662406324,164.30050493425412,374.5627279219181,175.9599526764556,155.09810476089845,397.92566431873655,194.91107991081688,372.2015175776825,382.85898407918785
Antigua and Barbuda,87.55209896283607,473.89891478673655,182.11472977814012,295.30704319751334,471.74006228023336,455.6698345598319,567.2577989410092,264.38148514179284,191.49897641699164,269.0038958075417,53.6937172449942,69.06331024422293,77.19453060946503,107.67965289368946,434.93521361890834,117.72247255528686,199.64506832821138,1068.693885274401,203.86652920655806,609.2114144572753,114.55016021561225
Romania,169.91154418533048,126.52386301607471,433.590073344756,395.4796338584343,712.8734903140504,619.1212078573413,911.66568100172,290.7151865815348,394.66766652951407,486.18724978392055,335.76075849602205,195.7339235274876,208.2438236595294,128.14177117225324,444.4910531691277,265.0032769446504,149.6985838877907,150.29192668094328,86.66744651750768,775.7909562293247,315.8999165367499
Kiribati,1385.2990583707608,121.50658246968506,232.16769916031436,615.3472277445431,308.57528918813307,95.39455987651755,441.3547806820833,519.8488362330824,318.2957450982992,363.15685064641065,225.09862872309105,1278.2206949237554,118.69029597337178,162.20600248633136,294.56560173286454,702.3646127068408,65.42801678910688,78.47908423284203,37.93664439878534,300.95676579936577,95.1758922897762
Honduras,713.8915399739985,39.629095401969956,54.32314582844386,359.64377772023454,142.75296708891673,1082.3644661758901,212.82793037739052,41.97131741338848,82.08481510511324,18.46788999881843,230.69640716463508,241.87851898693856,190.21993639047537,857.3343475154649,966.1800972151674,245.6833038592366,34.49473192588035,540.2471170588223,507.6022740237,397.06116212817835,777.5524979543936
Japan,78.54141048435699,570.3051478551038,134.5423902160288,163.68930282956464,398.96337504636307,178.09219173013793,711.6171360682058,134.1996511317703,157.41323598392904,151.1726936223217,165.65657622627057,874.6962616777037,546.4725703794321,1611.6169258262248,2814.4147817653115,104.33514755624765,312.26273455016053,89.8634911122384,133.82761154110827,155.2122757526187,101.06573745830946
Uganda,144.79530551528353,247.04393446284908,100.48192085852658,85.22809706484335,278.01366424253655,119.24504668916056,139.00783990667264,133.34724836295942,491.3314113402839,231.70268110758357,244.2541133807176,529.3489258919693,252.48896609218218,220.85195440538098,466.031236242934,568.9563948155767,251.47723727688503,315.7889966910353,132.79191559991386,122.93934376326555,629.11325759145
Albania,147.4196688913232,989.4459925835264,249.69214239318146,189.9073530522777,205.2658724734304,496.5191007449633,419.62466592708444,440.40664013149006,448.4637064577311,2481.62826295103,194.2360602904542,174.43549572581543,128.61940586872598,539.5384632048049,901.0912841967961,260.3494932694444,125.57435307832282,127.70236118119988,558.6439881122119,613.0422473036261,501.62563274803455
Sao Tome and Principe,245.3264434028898,295.3896761091483,607.2576197979793,75.07939948737364,125.66162472255577,382.64317485222733,264.01720810576205,516.1463754135009,85.41236895291496,416.65089710090217,868.1067530094127,473.8955729807921,335.09243881846146,264.4227105291132,126.69827940388654,271.0605139061846,1027.2157523531257,259.2095941511514,119.70036164260867,177.9860359300585,356.0651880885036
Netherlands,624.2940467374816,220.33792174198962,1792.1426837075999,121.16534308233852,361.9333378678199,281.20146987116584,263.5645293590671,260.326726837672,324.4359827369469,680.4714010434504,1156.0892261504864,290.58521673648016,658.8377465480908,144.4072930228142,626.5137131730493,136.14111902710098,867.782135133807,2658.498275834382,257.6948734106795,32.461420025398,168.8663912096819
Sri Lanka,57.07180836871206,205.5356945745921,625.6542295545821,1575.8477812478254,636.6280661039227,66.97670276597047,230.85318309384428,376.4316178093341,347.93606991563485,499.7860093980155,116.84684114667739,310.62281791997134,443.51704687978196,665.2048438637372,130.28806737965,206.36274131808273,18.947448259106277,156.46135590459127,172.69777370052972,104.83169518761744,344.3558809013541
Lesotho,151.85713666786566,362.0097323533434,104.23566504541054,723.2559547372534,87.60103909076017,219.00369394772392,162.50470276775107,343.4239385067516,153.6582269978695,222.46405539181913,229.7717176554589,139.84022504047778,472.6026873123565,369.7158429650586,266.313025458613,189.21888944178096,646.3945078237442,230.41908632135323,214.74127104128797,322.8312999023614,1589.6798729302782
Tunisia,163.36308548687052,183.48214987627355,46.18972339117949,689.6897957311336,959.2630947764147,144.6300986315861,412.60869689283714,223.33808068251776,405.00208952495797,155.2831622304405,120.64922002095496,834.3090080306823,273.23612666552424,2201.736573521326,305.38992899473004,115.53730778451647,993.97196016133,547.5398541530732,602.3777320406894,958.4826916712199,151.1600380145918
Lebanon,122.40108795339118,1062.0826089508394,75.11095758661182,1449.861696191016,281.4633238871207,91.49126198327738,147.62746161109095,131.17409336530613,81.16204541017667,320.342787038773,85.57035182269327,33.000135773537224,199.47754120162077,48.54097135130542,137.35930755531075,117.05628806265206,122.15140202293514,2155.8419373912757,308.12118256643015,373.20378462648387,49.622254106951075
Haiti,284.9972251908184,156.57696608259013,99.65798665399092,204.6850026017215,96.42602813472725,402.3169950803436,91.80301124794282,594.0089664329536,89.45989090224407,164.91942477783672,155.96073094899202,1096.123231306139,405.0463265293678,235.93840145894688,479.3954604552283,35.78630381653847,279.1939589884713,2148.1808926576596,332.43925729506384,312.14538128636946,503.974611052272
Brunei,520.804475315875,275.05759549893185,245.80922217318584,134.3169408799653,447.8155355989157,124.28903751941199,567.2018029854037,863.0395533618406,420.24996375551825,219.00976693678157,459.2827120439935,214.12926406966434,742.8050079759338,46.321235081389446,208.69942180633714,39.670614810810484,65.12440920047835,1139.8478093567987,713.0880290696673,141.9242218860797,65.10718767974883
Bahamas,728.0969233999082,77.59612538112273,300.93238198671986,179.33751051439347,210.51614249052176,794.0963708852653,498.7758711942511,1109.6543318880888,250.06851398867747,145.50415878191083,232.93498332389024,371.6600586884827,347.7154070452481,98.67338080046605,318.8196225269606,366.21034789676185,3612.8742838192998,1904.0243150777433,124.40884245257952,218.5611327512375,66.85896885468645
Colombia,341.5435028866523,634.6875786737022,652.7292413546461,57.42808344734577,31.064491927084838,793.4467120219772,956.3164382545953,105.10011507976077,44.92304392856487,321.6250440613102,739.2976729360414,1758.2318793072284,488.5637874498803,201.3189894459937,119.05692426889568,294.87498636146387,215.82119224295894,105.13873715437946,2260.951852158368,1737.1167397678435,907.9177792014898
Gambia,33.55929985674879,38.64379530449449,646.2489491256465,309.4201822063668,374.377608207605,77.47319014791346,284.1154211776349,2161.2568892386867,664.3123234458185,345.812196028987,187.81807845271484,196.53221697095427,34.695874110524244,376.8970651287042,678.8401707591693,60.21232850788878,150.73280214157958,91.25196975932707,110.9106455476068,307.6041357345526,35.88664842121577
Portugal,261.99938403573486,507.6090128387733,367.0430699183059,963.422831282707,314.703983241667,246.6270965849936,872.5889369104871,520.7446851967826,605.9631635625194,149.5722703010993,102.47467371427445,165.558300697742,156.35807931773553,639.6697948499982,773.7445912048286,249.73600814044258,1218.9363934946016,1144.7818224980804,371.148841290678,127.75575615540735,1408.5892292357198
Slovakia,579.9782347430332,774.0538342780809,302.8255474046856,633.5722734934958,50.10321049229428,690.5533504027468,347.9733052401608,545.9396441125197,426.6396572087703,108.17068753593705,64.83111747393144,142.62710769439263,513.0789714504994,581.0944064584188,73.90525345430648,109.11752890301325,141.97035720572592,203.91288292842913,74.84062540906277,70.63429650840065,128.12428192035094
Lebanon,122.83723628724464,1062.6866180479983,75.678631042279,1449.372260201534,281.6316147396015,91.4408817760317,148.0209860664389,130.5848134649699,81.4502749216781,320.487335545568,84.92798473522171,33.43177171605131,199.31244112809193,47.804530506075324,137.3885039549544,117.67138918923717,121.93180175585562,2156.0097544998453,307.978222481544,372.69461439463237,49.03381817418101
Sierra Leone,421.8893790294211,569.1990378947962,149.23971790867205,306.98511813594286,156.6669372231809,172.54669135764146,94.45652427395731,1033.8028042320557,845.813440141992,499.13412949078366,2094.8483515189673,241.31570570280982,6042.501808638147,232.32448413015317,376.2886449500992,195.38620609592596,422.6874779699268,672.7793900438578,260.0779797890799,1722.7154557177123,370.047889106122
Malaysia,377.0026635381367,52.39638356519914,142.55993493685236,630.7125267927331,220.4916730131054,174.7640304709671,1182.9797408343056,102.94966943708577,131.75434712083216,360.5351783074373,430.38591159550447,478.5284964432725,724.630019612278,355.41371555541764,475.62793168217894,224.9279138738639,309.83588568221614,324.7114153304322,361.45321308138745,631.161542721643,507.93589553708705
Switzerland,109.4062477286464,4862.033879150693,424.160940625497,427.07285125176475,492.38882615370204,1905.0130387437675,643.7487095892725,58.4311484318681,1185.4955958298751,207.11233472113932,324.1025822951631,81.07326927670269,493.1170153246425,152.05585973317213,322.19293246658316,219.9416786997175,1997.3090580971232,2115.7002533424834,305.7181975787516,310.6958849973082,200.6417683359346
Guatemala,559.1743023070009,288.61314567111236,486.76440592094144,191.99512715145582,2709.512898396575,60.52786324026893,1028.720990564605,1144.3663492435799,123.63035821301398,2708.6436042500295,787.9839829659189,769.8274980737565,299.45455918579194,234.26375234665937,236.25989164827502,430.3699006026183,1182.7447592170984,348.82968267975417,116.74735388026427,664.8418583707901,732.3053238941418
North Korea,409.0380995077982,461.50525691451037,787.7740552035754,316.3969289033013,1193.6273145239848,396.73660358900656,544.0642682945986,127.10601534313531,2523.802004335016,466.19844745914975,594.3583114756931,58.38280161742372,127.95811618202296,1004.818762509903,388.0217229338054,42.78667650884255,823.2001379953034,169.02719786007978,1194.3641463532538,267.1075442401224,358.2329321753546
Bolivia,143.6911380127758,243.4968694871758,355.00863920235633,661.7804755985954,196.1651600807107,490.2363839253287,223.44509052843856,259.58387164371925,667.8793837326942,39.66821181001775,79.31307306197775,66.36162679773392,28.763512544042705,148.11671440734833,616.6458431649139,219.34417235489767,355.322617506969,865.8936648744275,1099.4351548634263,271.8637877867177,1127.7507275164867
South Africa,410.5137577467182,152.632345592445,1509.3458050448435,121.44757575145195,208.2478532642595,324.93881329344674,97.66091633633584,405.433141991854,1460.4636301548608,178.72509798124602,433.1526045480409,18.36379792207619,279.8984296571206,212.98815005437245,128.22835829640434,859.4738745345818,209.83564278939036,243.85374572052467,200.40015335445327,42.68791946813093,94.44516377249059
Antigua and Barbuda,88.54687200857124,474.353007239799,181.88865535035194,294.7039300378938,471.902824992141,455.67630969690623,566.8929163128837,263.9739439548713,191.0625069341898,269.29569686352403,54.22294512680279,68.61080824721083,77.15593158063697,108.02808915537003,433.7935948549516,117.94518902978207,199.9385114942228,1068.4795568544246,204.46168390588184,609.3405568885786,114.60130678125695
Bolivia,144.02839696352592,243.76815497471082,355.44991001239686,662.5994376297563,196.16042972785428,490.75332459872686,223.49234053066763,259.02546461734187,668.1031402141314,39.24708235290473,79.50355489644667,65.77588565092852,28.69135109824808,147.78010914431562,616.7509679412473,219.3367561390443,355.025081684495,865.9883728266908,1099.4428978245826,272.4347060454486,1127.950364785503
Chile,30.961059869367606,127.50390056756338,132.68437366014325,28.983832036216384,111.34889077100718,116.79399058789593,237.82694948220302,886.5366648466897,227.92077641077898,104.40296210491776,275.9757307416033,832.0966321815954,109.75720289685444,117.30740541772556,509.7311804523258,233.71041644056854,556.8940379035956,286.8862100568873,587.7025091443104,103.14826787730382,287.5309059122783
North Korea,409.4784908075143,462.1860602231472,787.6944644714894,316.4292473043686,1193.6948072292635,396.7723532858105,543.6255443733683,126.39440441605474,2523.2859086803987,466.62402740624424,594.8445296460974,58.08882770756056,127.80927817840201,1005.229777249562,387.56112026933744,43.32290995258687,823.6036661884766,169.41437307683526,1195.5121367789911,266.4897424202743,357.58326388276686
Canada,1459.1564640736183,3729.8306029500286,194.5064951619454,41.49605964127274,213.5038623848706,219.62372559388504,241.24297922820682,95.41875776997438,520.541737198484,492.22233118954716,65.29255058494742,586.179341017223,2270.2219714062185,345.6944902801201,207.68708078858702,252.97294559707854,539.4590517947597,51.30817709227806,343.2179361400886,197.27942825237093,1849.7164950335773
Vietnam,308.36841868165254,110.07605074997689,192.79429756032053,224.64616171224964,140.85228182272834,86.46876635459257,70.95125963143839,27.84966073046876,101.5350603533876,545.9487410600312,58.18017828553793,74.56082795256313,1746.9183153380789,153.68175735640577,401.94574627830156,553.9076227036145,565.2094408056282,63.661774059233345,231.45290733080688,57.795266310556805,3364.7817352638867
Hungary,91.3814109699398,2172.5477002043294,111.46319014405383,616.4556380464243,53.66080276909606,114.99281843838146,1327.6148049990943,224.49959453378395,674.9802472408662,369.50820905588483,263.0872827717772,1140.1873930361783,230.5678029140641,48.652303105628974,131.14724864091352,505.93177211036084,432.5526423323754,61.43222480092499,141.39164104775,162.94200249931112,202.6733464790742
Pakistan,222.159252188267,285.4328527330751,151.20756332489282,582.0213448935921,1225.1245564883834,183.3877299871696,473.4355301799196,229.41026441976095,420.5739910988143,1394.9982021297471,484.25312825997094,49.65274143627215,459.09337776140177,1000.2987752310281,233.5162381123026,789.3199645804685,145.5144553796012,65.69418462252408,335.93806297224967,50.39318595937255,228.86464729298456
Sri Lanka,57.6793930967442,205.42873225058167,625.5820997196024,1575.0816717023617,636.8607149650767,67.26430276952102,231.1142745116085,377.1651501478442,347.7489745701021,499.58490845384637,115.99638037591292,310.66230617059824,443.54362657755627,665.2944425562323,129.98159911763125,206.33020987608523,19.294254004227277,155.7909137431761,173.3278980116733,105.06303932360956,343.9263733156462
Papua New Guinea,89.70407646877307,79.41474172457295,1639.4631905729168,183.3701874931139,284.14113704773393,194.87716520728375,113.1780720959072,230.06049378777837,3404.7323424487226,1172.2885129896185,124.5067711296029,556.8050774650916,127.53719246397965,50.09745978570047,807.7551310676685,929.4476412085988,829.4666609283516,182.08419873343595,246.78772479015362,617.2669590315807,430.714281966676
Japan,78.73657075131256,570.1629611644023,134.5648806291063,163.66157310991545,398.85492856716525,177.9928576633664,711.4765085823793,134.625296719543,156.73242757903563,151.17233377870258,166.26192572190178,875.1739293099937,546.358285523099,1611.0607257204028,2814.6724629257446,104.3021242007861,312.4038461418546,90.22028789049958,133.76731091228774,154.71972880645703,101.3690895647875
United Arab Emirates,148.71611412047145,181.61420014822764,59.68710464578951,136.63409417812943,52.718315585940076,548.3314405071409,4791.128753576529,201.90580334673234,55.02632419509335,717.1618187057777,141.29528184555315,1068.7025150740922,220.0326286116028,154.98536539095912,243.72621074626264,621.7438856508139,232.11062290987232,177.92750423626617,238.8723277063424,81.44145089256592,433.7460662170292
Senegal,376.5602977948602,450.5119712873721,2324.902127121422,125.01498035855623,687.7777309013875,359.2946073489425,60.26648816671549,629.8551608871043,1035.3630018347967,123.83308004637833,289.00917273601567,52.60579886199451,82.85978777412194,831.6426329857703,182.56024239800493,95.50819913619578,366.62305556488764,172.48113512166427,181.46927722853326,610.3790235719553,91.07377146189569
Botswana,404.85752823296065,418.4981513262029,1091.9498799626301,207.04685497970425,66.3769686008295,847.6836260138465,209.33247582671436,888.58244584765,427.5276291826431,255.50881570037419,413.2384263024996,2050.5879953518183,2326.1305223868194,312.97182786644777,341.9251769433454,855.2142265031451,125.03254320545757,406.76900976697095,283.7815860606733,398.40704335665373,125.86873584301186
New Zealand,998.3337293256196,506.42596188457946,373.892189856263,798.7797138711852,473.3066173677477,985.3779559879918,730.3592249187286,1334.4331833935312,417.3256166189543,720.8215096131945,214.62602466763408,159.76761473494702,1606.5884533590179,362.3884510729909,651.4840014175223,329.65940154421384,161.91499922575298,294.51040686296597,1225.0072152685661,507.72724367867033,52.68968444403895
Guatemala,559.1640984336487,288.42554583259425,487.1238586356517,191.6672861544936,2709.7202751562877,60.60663529707064,1028.6987466911978,1144.6147229238552,123.91453817274288,2707.465437213811,788.857678576936,769.5672650607393,299.72960124471973,234.89250986917796,236.40680109479845,430.64284001530876,1183.27059640159,349.3382154937088,116.98277348061963,665.1384410497184,732.2610215655201
Yemen,59.24713377145353,102.0660455143799,103.13888865257708,65.28608868951358,1126.8067334265604,3285.1531185539225,181.24177924472392,77.86993566246392,31.55312938122198,228.65462971011164,212.4743574271908,151.9800622714347,363.42397463889614,432.97721875774346,403.0674035375408,212.5495940991707,96.98258219487082,567.9533030041051,295.14570646161013,708.5162659464888,642.3112884264885
Dominican Republic,406.24336821342246,215.58691963829705,179.5813014967234,696.1643316502176,1279.3497996916287,1753.1322639239702,1085.386808920294,261.29773537920244,414.6653546464822,626.9080858663665,329.01126033118555,332.10425904908584,664.3279916428818,274.83775808476037,140.6369237819348,192.60714990393373,549.0128802767672,291.8591089014815,409.2832740202853,569.6492102717157,200.70073465754666
Belize,148.80451893451792,398.214228123239,925.1419456879408,535.9134844634267,29.695416137011534,395.1367174736866,313.49480729518365,440.93675059317235,1467.4051887494763,36.911267717579065,161.35122206163015,526.4324326030066,59.72668538907437,1275.3135083228499,421.1542939493621,679.7428355451417,165.08327971392387,657.6661218984484,848.6763092001974,367.48195057044825,368.0986838961053
Bangladesh,1641.4974519191321,108.2562783663864,228.26418808153696,633.7226073724486,449.6491784156636,200.39825745554128,255.4296423333388,74.42659004197327,229.7728176039133,222.94409903161215,367.36381062334,167.53701069503836,467.614016174258,802.1746442851015,340.3524566193253,414.15935408882905,307.3104235603147,291.6003079515296,141.64006211947546,399.75509157758813,264.62406483163517
Lesotho,151.38947288692464,361.5019542777553,104.79311107963004,722.1497657487794,87.70300805771399,218.35226061108557,162.49431101950543,343.2886780047246,153.73702596574614,221.89159555728372,230.05579747693994,139.59420316184762,473.4209605993248,369.64454033497327,266.251042757391,189.64393173945282,646.3656548868835,230.5357358974818,214.45720990365842,323.48744108590284,1590.2177522537434
Mexico,138.6846206353106,276.03559521391867,934.9337295218108,103.74330304656955,267.61121287231623,572.9288650958382,26.38773773060051,819.2607009134994,89.50093018406966,406.52824803621354,372.4621129557414,861.7206301139327,505.4904035346064,27.048987662776714,133.22493293314415,334.5521359967248,240.02246432697697,469.8793949460413,641.6416315850462,535.4346854709731,234.68642372479803
Romania,170.4086253328979,126.65484276913966,433.2451982149926,395.6996942035939,712.5511796005779,618.3925976304264,911.6061269099793,290.68305784207257,394.8943125680052,485.9196896396064,335.7504981119615,195.349138388069,209.06540409175946,128.61894461324252,444.2466488408961,265.5016431442662,150.21996483937906,150.3824151618512,86.9165572051577,775.9944931385012,315.36589554777566
Indonesia,401.5210719388699,370.01611753178366,1412.1232994687366,99.97545403903304,275.63102225303726,904.4819356790158,1031.9125544266913,70.15335686425192,213.44281682796026,1133.4539511645191,484.0934226678547,354.43239739807376,234.01586211314108,198.4040315852018,388.7358560259228,226.61461024520392,279.575940990174,315.14250542977345,148.1775294794003,496.34730731821753,5372.388746050698
Guatemala,559.3839802299341,288.8974626155338,486.70252858334925,192.17534559265675,2709.028535369801,60.45636868742195,1028.3978273150633,1144.308783861808,124.68874575903973,2708.3059238263363,788.2989232048353,769.3289900181478,299.4285157884468,234.73891623423702,237.32793227035347,430.3893683893866,1183.3061372495606,349.45073808237356,116.87986093528673,664.3065626129189,732.1055431980695
Mongolia,665.9791232648045,384.96710891065084,1145.664129214351,308.23470239028785,478.14173726863504,419.87354299844026,218.59529770614074,437.29670495933226,2722.2689563509107,222.53311224816693,443.36396824534603,1024.5041328221143,911.8401241723833,295.1565915625712,26.969625872509706,488.9157946348525,31.48626878760787,1267.3270423173508,345.0625650532774,792.0139514335297,118.3443029450615
Saint Vincent and the Grenadines,239.94059349715988,377.80733620810446,77.68934220426983,186.72378915521915,359.74442548399844,1423.6669511751886,363.65227685605396,1163.166151274397,553.3127011272766,1483.603046567318,275.1376006859034,3181.3865735813592,179.1629317163086,135.44652206588754,86.67446268497145,2998.249210966466,661.4384510575619,208.8464715669568,1016.118882191367,579.849466524549,2081.553831430766
North Macedonia,947.2293840718369,118.95823535791048,107.91469563903183,239.46025554442303,666.5379167505165,77.03199539015652,55.026030029343126,663.9987761118751,159.44307929171384,196.49510233274341,45.78549498180069,148.54789985522984,288.9259267051954,739.3632590243166,134.64209272113834,1528.9624173394843,146.6268821378038,147.07911689918691,1355.426238722958,360.40204471155636,167.59728757625152
Bosnia and Herzegovina,319.4617013560207,126.46491537295259,161.16963305559617,66.9282243774646,119.62870501246869,203.34301173007768,650.703385120294,1628.5202933280686,73.59203516463484,431.9588800458342,102.47884981891305,468.488178726538,255.7909958257582,46.36749326575995,737.724533712759,159.2501861940204,170.90256791173297,100.10313011817065,151.24422264208357,447.5341622059705,241.20024572524642
Eritrea,229.03236755406036,323.0561406156105,315.6376249046964,906.0266022527329,203.26157773763322,414.02147636838095,108.25654465910242,457.3414246669159,292.1370823093822,137.54187302505161,229.91311155902892,242.6615472323355,222.7957112463989,1713.2019021622161,264.1439811231613,228.91145510303855,35.77003100280666,119.17122115589451,223.87713373793662,146.47547174245165,1160.0738262183413
Samoa,61.550945515560365,223.09669918961288,183.75405289080018,40.41531075545628,840.9615439813193,222.28926459021295,610.1780016709456,3085.6843330867155,205.24028212987324,190.79302543040205,328.4322313563964,782.1845488075643,165.57568599319953,154.85495330381914,838.3885166065048,425.51296020528844,37.65756494281824,85.91781507523164,1307.9923167542138,435.36674274663693,135.66425246133446
France,1375.7488360831194,1044.7386524880255,107.46164364214629,1569.6114712852861,171.3501760604058,829.0607064575868,311.6630300261667,193.17987954532666,47.78795261480669,245.36156545171025,60.98525378193851,766.6803331040427,1328.5288143057417,130.7900390148781,394.44576868037257,140.98520496116456,155.4114387465683,632.2445818829234,280.4987683987006,1659.4327266423256,180.13381198488696
Colombia,341.43831658165396,634.4945105801627,653.1663011524898,57.87361278487555,30.436695140071265,793.502122594591,955.3844946183151,105.08087690625538,44.950767469364585,322.22022793719026,739.1926100550008,1759.1057229448963,488.16296147342916,200.9351957942472,119.0995567743383,294.7841741182337,215.4954452863507,105.07809025953793,2261.0680769734104,1737.0397940422679,907.3053617894524
DR Congo,620.8315340369928,425.82413578527365,84.97458589138849,1233.30058946726,176.43444916765935,55.239057114064565,102.1972380241068,104.52527676550083,307.07843132447323,221.87506652263406,208.25501562970737,541.5029176367434,408.97345679997744,399.723475747485,439.62198933286527,539.5690460651497,35.245382527677705,202.80857645021422,33.19526938865039,302.2699075123339,290.2898937502727
Antigua and Barbuda,88.06962385998746,474.4245143058918,182.16691997302195,294.810522961826,471.3442196013949,455.40627708077426,567.2260925389824,264.56425156039904,190.64568450275752,268.99540435967765,53.62949666354091,68.64021769422158,78.09040009558665,107.96403492297264,434.9940144197144,118.07998257058262,199.69785347034232,1068.2582803097412,204.04878846348018,609.6062003549766,114.70877738785617
Czechia,1426.235388777385,157.58581944719643,2287.357249905747,232.81581543799953,81.01187599041481,312.45818292907575,99.05518033335042,137.95876330192866,433.7321930646966,507.85522268870443,156.4716126518438,782.3765093418588,927.2431960483474,1225.6992435053664,494.70580343130234,1138.8951068174692,44.47795691759922,211.87387009840535,122.57713945497866,328.3172146929072,164.05225798136283
Estonia,246.9938064031704,1057.241267153208,309.94095708368974,302.8075273460549,266.55463333673106,291.7309340071175,1626.349714619451,28.466163392854682,39.18421280620929,169.19350948463477,295.2997923515245,580.8995728639071,467.6547500950635,198.15274395270126,807.8143049085205,816.1638952742561,350.0216974577222,762.9813016117869,382.7490334741202,166.12404574302354,585.3967306042994
Czechia,1426.557185645042,156.77066969205418,2287.289098789498,232.08237815407307,81.57188784276433,312.5237115400447,99.48799537026427,137.3036895320192,433.3461449700356,508.5830243950682,156.25958970681464,782.5776127048609,927.7384582425548,1226.0662277699003,494.8603566531582,1139.0596591235264,44.80971235225941,212.48233142795124,122.53960870481988,328.3855273976746,164.92823282091422
United Arab Emirates,148.4493168192335,181.68620052904797,59.758547107631074,136.26502244620028,52.616932439143056,548.1207196409374,4791.1254508371085,202.05575961721746,54.47313778071634,716.9245806356694,140.97593458024275,1068.6075120729915,219.9768690028202,155.29631010865762,244.17583210253665,622.065092277592,231.89014754553565,176.6992977358064,238.70517240271653,81.43945712951098,433.1856503406581
Côte d'Ivoire,93.21161428650021,180.30541737539176,1227.07453379503,90.55823034667198,35.35070763361954,45.488861909444026,299.78249266594565,300.6803370369961,258.9643081042253,981.5490124941573,19.6521018799405,432.7732764521522,1389.0167663316247,94.52462931104058,199.48541984518835,137.78318401177458,119.45083716015802,211.241324560098,1214.0183548525172,1830.8568616165085,208.14067872130718
Paraguay,196.72121525704435,57.635419226607894,327.2077161827056,857.2491779496667,87.6510879436027,552.5646868284836,406.2100929638227,617.2575632818018,696.2728362020113,145.82908503620956,57.98214242138812,171.10095295307113,709.7095007034703,169.42205477034506,145.33609300350275,47.128665234438756,1681.6581583085615,665.8068170427198,629.3197162513442,766.5577016918645,518.9386182679755
South Sudan,274.77585577036314,187.657690766148,338.8181947855501,505.4752626767388,2290.8589412533743,745.9679695088644,773.2273086521286,6395.93306136163,487.7448291529543,473.24163674770796,589.234108660322,105.99045960546269,186.76694453088598,175.39216822898297,556.7269350503047,244.79935348304298,334.4361318070469,864.6669716742388,691.3068244408299,247.9754221736687,149.3650171527848
Saint Kitts and Nevis,1506.4423733438496,1032.5081524356387,298.28574341616365,217.78070711562881,255.8024705861974,365.67933339283354,1443.5866029443935,444.59691583175174,602.5781243968434,938.2322873562538,90.64574698632515,619.9784543472108,217.35835203842439,23.428337967178685,35.00898824527435,105.31101564893396,496.26259326778285,326.5435317998151,350.71786462067246,2050.937081865769,81.84453833418665
Ireland,331.5172651172168,3170.808954417978,97.34743326205002,263.0222284341259,1759.3085066499618,958.9680422273775,146.03802536148063,364.3505108266384,292.2557400475952,386.3010950452745,144.9771742402194,266.5272643010067,58.967103937469126,333.92662458591127,456.969567400368,232.49856349078246,57.60190895047306,783.2556662224573,419.8996192453774,141.012039953368,219.9507469415925
