store_id,district,weekday_orders,weekend_orders
S0001,강남구,80.0,56.0
S0002,강남구,67.0,65.0
S0003,강남구,72.0,50.0
S0004,강남구,44.0,60.0
S0005,강남구,61.0,48.0
S0006,강남구,85.0,52.0
S0007,강남구,82.0,64.0
S0008,강남구,75.0,47.0
S0009,강남구,,42.0
S0010,강남구,77.0,37.0
S0011,강남구,89.0,59.0
S0012,강남구,75.0,43.0
S0013,강남구,74.0,
S0014,강남구,69.0,68.0
S0015,강남구,83.0,50.0
S0016,강남구,90.0,52.0
S0017,강남구,67.0,
S0018,강남구,71.0,57.0
S0019,강남구,77.0,52.0
S0020,강남구,83.0,45.0
S0021,강남구,80.0,47.0
S0022,강남구,77.0,30.0
S0023,강남구,80.0,51.0
S0024,강남구,,49.0
S0025,강남구,74.0,71.0
S0026,강남구,69.0,45.0
S0027,강남구,61.0,
S0028,강남구,57.0,53.0
S0029,강남구,58.0,46.0
S0030,강남구,86.0,65.0
S0031,강남구,70.0,57.0
S0032,강남구,46.0,58.0
S0033,강남구,74.0,68.0
S0034,강남구,76.0,53.0
S0035,강남구,76.0,64.0
S0036,강남구,60.0,70.0
S0037,강남구,61.0,58.0
S0038,강남구,65.0,57.0
S0039,강남구,77.0,60.0
S0040,강남구,81.0,53.0
S0041,강남구,61.0,59.0
S0042,강남구,65.0,45.0
S0043,강남구,61.0,67.0
S0044,강남구,75.0,62.0
S0045,강남구,74.0,48.0
S0046,강남구,70.0,72.0
S0047,강남구,63.0,58.0
S0048,강남구,52.0,39.0
S0049,강남구,78.0,70.0
S0050,강남구,70.0,52.0
S0051,강남구,66.0,54.0
S0052,강남구,74.0,52.0
S0053,강남구,52.0,44.0
S0054,강남구,71.0,50.0
S0055,강남구,74.0,54.0
S0056,강남구,53.0,53.0
S0057,강남구,59.0,46.0
S0058,강남구,45.0,69.0
S0059,서초구,53.0,53.0
S0060,서초구,53.0,51.0
S0061,서초구,46.0,37.0
S0062,서초구,57.0,58.0
S0063,서초구,90.0,51.0
S0064,서초구,76.0,50.0
S0065,서초구,66.0,34.0
S0066,서초구,,37.0
S0067,서초구,62.0,
S0068,서초구,65.0,53.0
S0069,서초구,47.0,47.0
S0070,서초구,76.0,50.0
S0071,서초구,,50.0
S0072,서초구,67.0,
S0073,서초구,68.0,59.0
S0074,서초구,51.0,27.0
S0075,서초구,63.0,59.0
S0076,서초구,84.0,34.0
S0077,서초구,66.0,54.0
S0078,서초구,75.0,44.0
S0079,서초구,66.0,46.0
S0080,서초구,78.0,59.0
S0081,서초구,73.0,46.0
S0082,서초구,69.0,41.0
S0083,서초구,45.0,49.0
S0084,서초구,58.0,49.0
S0085,서초구,70.0,58.0
S0086,서초구,63.0,66.0
S0087,서초구,78.0,55.0
S0088,서초구,78.0,63.0
S0089,서초구,68.0,48.0
S0090,서초구,67.0,52.0
S0091,서초구,64.0,54.0
S0092,서초구,63.0,59.0
S0093,서초구,65.0,44.0
S0094,서초구,46.0,37.0
S0095,서초구,44.0,57.0
S0096,서초구,69.0,50.0
S0097,서초구,63.0,38.0
S0098,서초구,61.0,60.0
S0099,서초구,,
S0100,서초구,55.0,64.0
S0101,서초구,87.0,61.0
S0102,서초구,76.0,47.0
S0103,서초구,57.0,43.0
S0104,서초구,57.0,59.0
S0105,서초구,88.0,
S0106,서초구,75.0,29.0
S0107,서초구,66.0,32.0
S0108,서초구,87.0,34.0
S0109,서초구,70.0,37.0
S0110,서초구,74.0,49.0
S0111,송파구,58.0,56.0
S0112,송파구,48.0,39.0
S0113,송파구,46.0,45.0
S0114,송파구,44.0,36.0
S0115,송파구,69.0,26.0
S0116,송파구,69.0,29.0
S0117,송파구,58.0,58.0
S0118,송파구,63.0,29.0
S0119,송파구,79.0,33.0
S0120,송파구,32.0,42.0
S0121,송파구,89.0,36.0
S0122,송파구,62.0,51.0
S0123,송파구,88.0,24.0
S0124,송파구,65.0,30.0
S0125,송파구,66.0,63.0
S0126,송파구,77.0,46.0
S0127,송파구,64.0,52.0
S0128,송파구,61.0,44.0
S0129,송파구,61.0,48.0
S0130,송파구,57.0,81.0
S0131,송파구,73.0,33.0
S0132,송파구,59.0,63.0
S0133,송파구,67.0,40.0
S0134,송파구,47.0,60.0
S0135,송파구,77.0,35.0
S0136,송파구,68.0,58.0
S0137,송파구,77.0,54.0
S0138,송파구,81.0,37.0
S0139,송파구,57.0,69.0
S0140,송파구,60.0,30.0
S0141,송파구,89.0,53.0
S0142,송파구,55.0,48.0
S0143,송파구,75.0,59.0
S0144,송파구,67.0,48.0
S0145,송파구,75.0,56.0
S0146,송파구,80.0,43.0
S0147,송파구,60.0,39.0
S0148,송파구,72.0,39.0
S0149,송파구,61.0,30.0
S0150,송파구,66.0,48.0
S0151,송파구,60.0,52.0
S0152,송파구,63.0,42.0
S0153,송파구,80.0,43.0
S0154,송파구,65.0,51.0
S0155,송파구,68.0,40.0
S0156,송파구,69.0,45.0
S0157,송파구,81.0,46.0
S0158,송파구,76.0,46.0
S0159,송파구,68.0,46.0
S0160,송파구,74.0,
S0161,송파구,68.0,56.0
S0162,송파구,79.0,42.0
S0163,송파구,61.0,34.0
S0164,송파구,44.0,31.0
S0165,송파구,82.0,47.0
S0166,송파구,61.0,49.0
S0167,송파구,63.0,47.0
S0168,송파구,73.0,34.0
S0169,송파구,45.0,35.0
S0170,송파구,64.0,34.0
S0171,송파구,79.0,49.0
S0172,송파구,70.0,69.0
S0173,송파구,61.0,47.0
S0174,송파구,62.0,44.0
S0175,송파구,47.0,46.0
S0176,마포구,61.0,47.0
S0177,마포구,38.0,38.0
S0178,마포구,49.0,53.0
S0179,마포구,39.0,57.0
S0180,마포구,52.0,33.0
S0181,마포구,51.0,42.0
S0182,마포구,40.0,45.0
S0183,마포구,49.0,41.0
S0184,마포구,76.0,39.0
S0185,마포구,56.0,46.0
S0186,마포구,51.0,39.0
S0187,마포구,77.0,29.0
S0188,마포구,62.0,28.0
S0189,마포구,49.0,33.0
S0190,마포구,63.0,43.0
S0191,마포구,51.0,41.0
S0192,마포구,52.0,34.0
S0193,마포구,57.0,48.0
S0194,마포구,50.0,45.0
S0195,마포구,67.0,46.0
S0196,마포구,64.0,50.0
S0197,마포구,57.0,39.0
S0198,마포구,78.0,53.0
S0199,마포구,66.0,38.0
S0200,마포구,73.0,42.0
S0201,마포구,68.0,37.0
S0202,마포구,50.0,49.0
S0203,마포구,59.0,30.0
S0204,마포구,69.0,45.0
S0205,마포구,48.0,42.0
S0206,마포구,65.0,
S0207,마포구,72.0,49.0
S0208,마포구,54.0,49.0
S0209,마포구,44.0,55.0
S0210,마포구,68.0,59.0
S0211,마포구,63.0,46.0
S0212,마포구,57.0,45.0
S0213,마포구,42.0,21.0
S0214,마포구,46.0,56.0
S0215,마포구,57.0,21.0
S0216,마포구,76.0,55.0
S0217,마포구,53.0,37.0
S0218,마포구,53.0,59.0
S0219,마포구,78.0,33.0
S0220,마포구,59.0,54.0
S0221,마포구,67.0,51.0
S0222,마포구,64.0,46.0
S0223,마포구,40.0,36.0
S0224,마포구,50.0,45.0
S0225,마포구,80.0,43.0
S0226,마포구,61.0,32.0
S0227,마포구,49.0,36.0
S0228,마포구,60.0,50.0
S0229,마포구,81.0,49.0
S0230,마포구,39.0,47.0
S0231,마포구,47.0,36.0
S0232,마포구,54.0,34.0
S0233,마포구,60.0,33.0
S0234,마포구,46.0,39.0
S0235,마포구,40.0,44.0
S0236,영등포구,61.0,41.0
S0237,영등포구,47.0,35.0
S0238,영등포구,68.0,26.0
S0239,영등포구,57.0,53.0
S0240,영등포구,58.0,24.0
S0241,영등포구,37.0,49.0
S0242,영등포구,,35.0
S0243,영등포구,47.0,39.0
S0244,영등포구,74.0,37.0
S0245,영등포구,53.0,39.0
S0246,영등포구,38.0,51.0
S0247,영등포구,45.0,22.0
S0248,영등포구,38.0,58.0
S0249,영등포구,57.0,27.0
S0250,영등포구,60.0,38.0
S0251,영등포구,42.0,57.0
S0252,영등포구,44.0,66.0
S0253,영등포구,42.0,22.0
S0254,영등포구,49.0,50.0
S0255,영등포구,60.0,38.0
S0256,영등포구,52.0,42.0
S0257,영등포구,66.0,55.0
S0258,영등포구,,17.0
S0259,영등포구,77.0,27.0
S0260,영등포구,65.0,61.0
S0261,영등포구,60.0,45.0
S0262,영등포구,48.0,45.0
S0263,영등포구,65.0,36.0
S0264,영등포구,37.0,49.0
S0265,영등포구,60.0,38.0
S0266,영등포구,56.0,35.0
S0267,영등포구,59.0,47.0
S0268,영등포구,45.0,29.0
S0269,영등포구,24.0,36.0
S0270,영등포구,53.0,63.0
S0271,영등포구,59.0,29.0
S0272,영등포구,59.0,26.0
S0273,영등포구,52.0,34.0
S0274,영등포구,53.0,48.0
S0275,영등포구,69.0,37.0
S0276,영등포구,35.0,46.0
S0277,영등포구,57.0,27.0
S0278,영등포구,59.0,33.0
S0279,영등포구,58.0,43.0
S0280,영등포구,38.0,40.0
S0281,영등포구,49.0,38.0
S0282,영등포구,56.0,24.0
S0283,영등포구,55.0,51.0
S0284,영등포구,62.0,28.0
S0285,영등포구,69.0,48.0
S0286,영등포구,47.0,38.0
S0287,영등포구,59.0,40.0
S0288,영등포구,67.0,45.0
S0289,영등포구,66.0,13.0
S0290,영등포구,50.0,52.0
S0291,영등포구,53.0,30.0
S0292,영등포구,41.0,15.0
S0293,종로구,45.0,44.0
S0294,종로구,41.0,30.0
S0295,종로구,,30.0
S0296,종로구,,40.0
S0297,종로구,59.0,33.0
S0298,종로구,60.0,42.0
S0299,종로구,63.0,28.0
S0300,종로구,75.0,43.0
S0301,종로구,50.0,45.0
S0302,종로구,36.0,29.0
S0303,종로구,46.0,28.0
S0304,종로구,40.0,37.0
S0305,종로구,50.0,30.0
S0306,종로구,49.0,45.0
S0307,종로구,57.0,47.0
S0308,종로구,48.0,50.0
S0309,종로구,45.0,37.0
S0310,종로구,60.0,47.0
S0311,종로구,55.0,44.0
S0312,종로구,46.0,24.0
S0313,종로구,37.0,49.0
S0314,종로구,63.0,53.0
S0315,종로구,52.0,63.0
S0316,종로구,55.0,45.0
S0317,종로구,62.0,34.0
S0318,종로구,62.0,45.0
S0319,종로구,70.0,30.0
S0320,종로구,55.0,44.0
S0321,종로구,48.0,18.0
S0322,종로구,43.0,27.0
S0323,종로구,52.0,31.0
S0324,종로구,39.0,51.0
S0325,종로구,50.0,24.0
S0326,종로구,51.0,31.0
S0327,종로구,66.0,
S0328,종로구,45.0,49.0
S0329,종로구,32.0,47.0
S0330,종로구,41.0,46.0
S0331,종로구,47.0,41.0
S0332,종로구,36.0,26.0
S0333,종로구,31.0,39.0
S0334,종로구,67.0,29.0
S0335,종로구,50.0,20.0
S0336,종로구,36.0,48.0
S0337,종로구,52.0,49.0
S0338,종로구,32.0,32.0
S0339,종로구,38.0,39.0
S0340,종로구,57.0,26.0
S0341,중구,60.0,43.0
S0342,중구,61.0,24.0
S0343,중구,33.0,34.0
S0344,중구,48.0,38.0
S0345,중구,47.0,31.0
S0346,중구,41.0,23.0
S0347,중구,59.0,37.0
S0348,중구,52.0,39.0
S0349,중구,50.0,29.0
S0350,중구,52.0,27.0
S0351,중구,48.0,22.0
S0352,중구,32.0,52.0
S0353,중구,28.0,24.0
S0354,중구,37.0,37.0
S0355,중구,49.0,33.0
S0356,중구,49.0,10.0
S0357,중구,49.0,33.0
S0358,중구,30.0,48.0
S0359,중구,27.0,21.0
S0360,중구,64.0,25.0
S0361,중구,47.0,29.0
S0362,중구,34.0,46.0
S0363,중구,51.0,54.0
S0364,중구,26.0,29.0
S0365,중구,46.0,38.0
S0366,중구,45.0,14.0
S0367,중구,,37.0
S0368,중구,57.0,24.0
S0369,중구,32.0,40.0
S0370,중구,38.0,53.0
S0371,중구,38.0,48.0
S0372,중구,38.0,48.0
S0373,중구,46.0,41.0
S0374,중구,52.0,18.0
S0375,중구,51.0,36.0
S0376,중구,48.0,29.0
S0377,중구,48.0,38.0
S0378,중구,37.0,23.0
S0379,중구,48.0,30.0
S0380,중구,26.0,43.0
S0381,중구,31.0,37.0
S0382,중구,62.0,46.0
S0383,중구,31.0,21.0
S0384,중구,41.0,23.0
S0385,중구,43.0,49.0
S0386,성동구,48.0,56.0
S0387,성동구,52.0,30.0
S0388,성동구,62.0,22.0
S0389,성동구,42.0,42.0
S0390,성동구,54.0,40.0
S0391,성동구,50.0,47.0
S0392,성동구,45.0,47.0
S0393,성동구,58.0,31.0
S0394,성동구,66.0,56.0
S0395,성동구,86.0,18.0
S0396,성동구,53.0,51.0
S0397,성동구,46.0,
S0398,성동구,47.0,46.0
S0399,성동구,52.0,19.0
S0400,성동구,30.0,28.0
S0401,성동구,63.0,33.0
S0402,성동구,57.0,42.0
S0403,성동구,59.0,24.0
S0404,성동구,42.0,40.0
S0405,성동구,57.0,27.0
S0406,성동구,44.0,47.0
S0407,성동구,43.0,38.0
S0408,성동구,62.0,47.0
S0409,성동구,36.0,35.0
S0410,성동구,34.0,24.0
S0411,성동구,68.0,38.0
S0412,성동구,57.0,7.0
S0413,성동구,62.0,50.0
S0414,성동구,52.0,33.0
S0415,성동구,49.0,47.0
S0416,성동구,44.0,28.0
S0417,성동구,41.0,44.0
S0418,성동구,51.0,25.0
S0419,성동구,48.0,30.0
S0420,성동구,60.0,43.0
S0421,성동구,76.0,36.0
S0422,성동구,45.0,32.0
S0423,성동구,32.0,
S0424,성동구,44.0,28.0
S0425,성동구,41.0,34.0
S0426,성동구,63.0,37.0
S0427,성동구,71.0,34.0
S0428,성동구,68.0,25.0
S0429,성동구,54.0,44.0
S0430,성동구,31.0,37.0
S0431,성동구,54.0,52.0
S0432,성동구,69.0,59.0
S0433,성동구,46.0,24.0
S0434,성동구,47.0,
S0435,성동구,64.0,29.0
S0436,성동구,63.0,54.0
S0437,성동구,47.0,51.0
S0438,성동구,46.0,57.0
S0439,성동구,43.0,38.0
S0440,광진구,45.0,49.0
S0441,광진구,43.0,34.0
S0442,광진구,54.0,40.0
S0443,광진구,45.0,29.0
S0444,광진구,69.0,36.0
S0445,광진구,39.0,37.0
S0446,광진구,35.0,37.0
S0447,광진구,48.0,29.0
S0448,광진구,46.0,32.0
S0449,광진구,74.0,47.0
S0450,광진구,35.0,27.0
S0451,광진구,63.0,42.0
S0452,광진구,36.0,35.0
S0453,광진구,41.0,
S0454,광진구,70.0,25.0
S0455,광진구,48.0,46.0
S0456,광진구,38.0,40.0
S0457,광진구,60.0,34.0
S0458,광진구,49.0,53.0
S0459,광진구,53.0,24.0
S0460,광진구,59.0,48.0
S0461,광진구,33.0,46.0
S0462,광진구,69.0,27.0
S0463,광진구,57.0,37.0
S0464,광진구,49.0,37.0
S0465,광진구,45.0,39.0
S0466,광진구,50.0,43.0
S0467,광진구,43.0,35.0
S0468,광진구,46.0,57.0
S0469,광진구,64.0,51.0
S0470,광진구,51.0,22.0
S0471,광진구,44.0,28.0
S0472,광진구,51.0,62.0
S0473,광진구,30.0,46.0
S0474,광진구,26.0,35.0
S0475,광진구,52.0,44.0
S0476,광진구,57.0,29.0
S0477,광진구,30.0,46.0
S0478,광진구,60.0,34.0
S0479,광진구,55.0,34.0
S0480,광진구,52.0,50.0
S0481,광진구,54.0,28.0
S0482,광진구,80.0,41.0
S0483,광진구,31.0,51.0
S0484,광진구,27.0,46.0
S0485,광진구,49.0,40.0
S0486,광진구,72.0,51.0
S0487,광진구,42.0,20.0
S0488,광진구,62.0,28.0
S0489,광진구,48.0,47.0
S0490,광진구,41.0,42.0
S0491,광진구,51.0,51.0
S0492,광진구,68.0,
S0493,광진구,43.0,39.0
S0494,광진구,77.0,21.0
S0495,광진구,39.0,35.0
S0496,동작구,61.0,20.0
S0497,동작구,51.0,47.0
S0498,동작구,42.0,41.0
S0499,동작구,38.0,20.0
S0500,동작구,43.0,
S0501,동작구,34.0,31.0
S0502,동작구,32.0,50.0
S0503,동작구,38.0,32.0
S0504,동작구,53.0,24.0
S0505,동작구,65.0,24.0
S0506,동작구,57.0,42.0
S0507,동작구,41.0,20.0
S0508,동작구,39.0,25.0
S0509,동작구,54.0,17.0
S0510,동작구,69.0,51.0
S0511,동작구,36.0,39.0
S0512,동작구,36.0,38.0
S0513,동작구,41.0,46.0
S0514,동작구,58.0,24.0
S0515,동작구,43.0,33.0
S0516,동작구,24.0,31.0
S0517,동작구,57.0,44.0
S0518,동작구,44.0,27.0
S0519,동작구,58.0,41.0
S0520,동작구,,32.0
S0521,동작구,28.0,45.0
S0522,동작구,67.0,57.0
S0523,동작구,56.0,34.0
S0524,동작구,29.0,35.0
S0525,동작구,26.0,33.0
S0526,동작구,62.0,42.0
S0527,동작구,48.0,49.0
S0528,동작구,49.0,33.0
S0529,동작구,43.0,63.0
S0530,동작구,39.0,28.0
S0531,동작구,40.0,31.0
S0532,동작구,54.0,25.0
S0533,동작구,61.0,32.0
S0534,동작구,53.0,30.0
S0535,동작구,32.0,29.0
S0536,동작구,40.0,30.0
S0537,동작구,68.0,2.0
S0538,동작구,,
S0539,동작구,32.0,34.0
S0540,동작구,67.0,27.0
S0541,동작구,44.0,44.0
S0542,동작구,42.0,38.0
S0543,동작구,57.0,34.0
S0544,동작구,65.0,45.0
S0545,동작구,35.0,31.0
S0546,동작구,39.0,46.0
S0547,동작구,55.0,35.0
S0548,동작구,,43.0
S0549,동작구,46.0,38.0
S0550,동작구,61.0,18.0
S0551,동작구,39.0,23.0
S0552,동작구,41.0,44.0
S0553,동작구,66.0,37.0
S0554,동작구,39.0,21.0
S0555,동작구,59.0,35.0
S0556,동작구,29.0,30.0
S0557,동작구,41.0,46.0
S0558,관악구,45.0,34.0
S0559,관악구,34.0,21.0
S0560,관악구,36.0,45.0
S0561,관악구,,40.0
S0562,관악구,46.0,51.0
S0563,관악구,47.0,29.0
S0564,관악구,35.0,46.0
S0565,관악구,45.0,30.0
S0566,관악구,31.0,40.0
S0567,관악구,,28.0
S0568,관악구,35.0,28.0
S0569,관악구,48.0,42.0
S0570,관악구,62.0,38.0
S0571,관악구,35.0,45.0
S0572,관악구,50.0,29.0
S0573,관악구,33.0,32.0
S0574,관악구,29.0,19.0
S0575,관악구,29.0,33.0
S0576,관악구,24.0,44.0
S0577,관악구,,22.0
S0578,관악구,54.0,27.0
S0579,관악구,62.0,44.0
S0580,관악구,27.0,12.0
S0581,관악구,43.0,46.0
S0582,관악구,48.0,22.0
S0583,관악구,38.0,31.0
S0584,관악구,52.0,22.0
S0585,관악구,56.0,35.0
S0586,관악구,42.0,42.0
S0587,관악구,33.0,44.0
S0588,관악구,60.0,36.0
S0589,관악구,45.0,56.0
S0590,관악구,47.0,30.0
S0591,관악구,44.0,52.0
S0592,관악구,27.0,33.0
S0593,관악구,37.0,34.0
S0594,관악구,52.0,29.0
S0595,관악구,58.0,40.0
S0596,관악구,50.0,24.0
S0597,관악구,52.0,29.0
S0598,관악구,45.0,52.0
S0599,관악구,48.0,22.0
S0600,관악구,26.0,36.0
S0601,관악구,59.0,43.0
S0602,관악구,30.0,18.0
S0603,관악구,60.0,26.0
S0604,관악구,57.0,31.0
S0605,관악구,45.0,22.0
S0606,관악구,55.0,42.0
S0607,관악구,49.0,35.0
S0608,관악구,32.0,37.0
S0609,관악구,42.0,31.0
S0610,관악구,31.0,54.0
S0611,관악구,,36.0
S0612,관악구,45.0,23.0
S0613,관악구,38.0,37.0
S0614,관악구,33.0,47.0
S0615,관악구,42.0,49.0
S0616,관악구,50.0,29.0
S0617,관악구,48.0,42.0
S0618,관악구,49.0,35.0
S0619,관악구,60.0,61.0
S0620,관악구,35.0,40.0
S0621,관악구,41.0,53.0
S0622,강서구,43.0,27.0
S0623,강서구,44.0,14.0
S0624,강서구,48.0,36.0
S0625,강서구,48.0,9.0
S0626,강서구,30.0,41.0
S0627,강서구,55.0,31.0
S0628,강서구,36.0,33.0
S0629,강서구,42.0,42.0
S0630,강서구,28.0,28.0
S0631,강서구,39.0,24.0
S0632,강서구,,31.0
S0633,강서구,35.0,5.0
S0634,강서구,38.0,32.0
S0635,강서구,51.0,33.0
S0636,강서구,62.0,30.0
S0637,강서구,62.0,29.0
S0638,강서구,58.0,25.0
S0639,강서구,38.0,53.0
S0640,강서구,50.0,30.0
S0641,강서구,53.0,34.0
S0642,강서구,44.0,22.0
S0643,강서구,50.0,30.0
S0644,강서구,55.0,38.0
S0645,강서구,49.0,59.0
S0646,강서구,60.0,34.0
S0647,강서구,59.0,45.0
S0648,강서구,59.0,34.0
S0649,강서구,53.0,36.0
S0650,강서구,51.0,17.0
S0651,강서구,35.0,29.0
S0652,강서구,46.0,48.0
S0653,강서구,56.0,22.0
S0654,강서구,44.0,31.0
S0655,강서구,34.0,39.0
S0656,강서구,33.0,37.0
S0657,강서구,,13.0
S0658,강서구,52.0,37.0
S0659,강서구,47.0,29.0
S0660,강서구,25.0,50.0
S0661,강서구,35.0,37.0
S0662,강서구,41.0,45.0
S0663,강서구,27.0,43.0
S0664,강서구,26.0,41.0
S0665,강서구,44.0,37.0
S0666,강서구,66.0,28.0
S0667,강서구,54.0,32.0
S0668,강서구,54.0,41.0
S0669,강서구,37.0,35.0
S0670,강서구,73.0,35.0
S0671,강서구,39.0,51.0
S0672,강서구,37.0,13.0
S0673,강서구,47.0,44.0
S0674,강서구,47.0,30.0
S0675,강서구,58.0,27.0
S0676,강서구,45.0,24.0
S0677,강서구,54.0,33.0
S0678,강서구,32.0,40.0
S0679,강서구,31.0,46.0
S0680,강서구,51.0,34.0
