book_id,title,author,publisher,publish_year,loan_count,category,rating,available
LIB-00001,Python API 개발 완벽 활용법 1판,신태양,제이펍,2000,11,프로그래밍,3.6,Y
LIB-00002,python 데이터 시각화 응용과 사례 3판,배민서,에이콘출판,2009,27,프로그래밍,4.6,Y
LIB-00003,웹 개발 프로젝트 6판,박지훈,생능출판,2017,17,사회,3.1,Y
LIB-00004,파이썬 웹 개발 핵심 정리 5판,신태양,길벗,2006,60,프로그래밍,5.0,Y
LIB-00005,자연어 처리 핸드북 9판,최하은,한빛미디어,2022,20,컴퓨터/IT,4.7,N
LIB-00006,교육학 응용과 사례 1판,정도윤,북스홀릭,2007,90,교육,4.7,N
LIB-00007,수학 핵심 정리 3판,한지민,에이콘출판,2003,79,경제/경영,3.0,Y
LIB-00008,디지털 리터러시 문제 해결 9판,오현우,길벗,2017,13,인문,4.9,Y
LIB-00009,데이터 분석 응용과 사례 3판,강수빈,영진닷컴,2007,27,경제/경영,4.4,N
LIB-00010,Do it! 점프 투 파이썬 입문 3판,조유진,북스홀릭,2005,75,프로그래밍,3.4,Y
LIB-00011,인공지능 응용과 사례 2판,오현우,에이콘출판,2013,3,경제/경영,2.8,Y
LIB-00012,클라우드 응용과 사례 2판,강수빈,한빛미디어,2005,40,인문,3.6,Y
LIB-00013,디자인 첫걸음 4판,임채원,위키북스,2003,33,인문,2.5,Y
LIB-00014,경영학 핸드북 5판,강수빈,에이콘출판,2026,100,교육,2.5,Y
LIB-00015,문학 첫걸음 9판,임채원,위키북스,2016,96,사회,2.5,Y
LIB-00016,데이터 분석 프로젝트 8판,이서연,에이콘출판,2006,20,과학,2.5,N
LIB-00017,자료구조 핸드북 3판,최하은,인사이트,2015,52,경제/경영,4.8,Y
LIB-00018,경제학 기초부터 응용까지 9판,홍지호,한빛미디어,2015,15,과학,2.4,N
LIB-00019,딥러닝 실전 가이드 3판,한지민,인사이트,2024,23,교육,2.4,Y
LIB-00020,Python API 개발 기초부터 응용까지 4판,오현우,제이펍,2013,36,프로그래밍,4.0,Y
LIB-00021,디지털 리터러시 기초부터 응용까지 7판,박지훈,생능출판,2021,83,교육,4.6,Y
LIB-00022,통계학 응용과 사례 8판,장유나,생능출판,2016,75,과학,2.3,Y
LIB-00023,파이썬 알고리즘 인터뷰 핸드북 1판,홍지호,인사이트,2017,46,프로그래밍,4.7,Y
LIB-00024,알고리즘 응용과 사례 5판,최하은,인사이트,2021,46,사회,4.3,Y
LIB-00025,자료구조 핵심 정리 3판,정도윤,생능출판,2005,99,교육,2.7,Y
LIB-00026,인공지능 기초부터 응용까지 1판,윤서준,한빛미디어,2012,74,경제/경영,2.4,Y
LIB-00027,Python 데이터 분석 프로젝트 2판,장유나,제이펍,2001,97,프로그래밍,3.6,Y
LIB-00028,파이썬 알고리즘 인터뷰 프로젝트 2판,홍지호,길벗,2016,75,프로그래밍,3.2,Y
LIB-00029,철학 입문 7판,정도윤,생능출판,2025,59,인문,4.8,Y
LIB-00030,컴퓨터 비전 기초부터 응용까지 4판,신태양,영진닷컴,2001,37,교육,4.8,Y
LIB-00031,알고리즘 실전 가이드 9판,배민서,한빛미디어,2022,36,사회,4.7,Y
LIB-00032,운영체제 핸드북 6판,임채원,북스홀릭,2010,37,컴퓨터/IT,4.0,Y
LIB-00033,컴퓨터 비전 핸드북 4판,서하린,한빛미디어,2000,53,교육,2.3,Y
LIB-00034,경제학 핸드북 3판,한지민,영진닷컴,2008,46,과학,3.3,N
LIB-00035,디자인 기초부터 응용까지 2판,최하은,길벗,2013,23,인문,2.6,Y
LIB-00036,심리학 기초부터 응용까지 7판,정도윤,에이콘출판,2026,83,교육,3.6,Y
LIB-00037,데이터 분석 핸드북 3판,한지민,길벗,2021,10,경제/경영,3.0,N
LIB-00038,머신러닝 기초부터 응용까지 8판,김민준,에이콘출판,2026,22,사회,2.7,Y
LIB-00039,운영체제 첫걸음 6판,정도윤,영진닷컴,2023,14,교육,4.6,Y
LIB-00040,철학 문제 해결 8판,최하은,영진닷컴,2008,83,경제/경영,4.0,Y
LIB-00041,Do it! 점프 투 파이썬 응용과 사례 1판,윤서준,길벗,2005,3,프로그래밍,2.8,Y
LIB-00042,네트워크 기초부터 응용까지 8판,한지민,인사이트,2020,72,교육,3.6,Y
LIB-00043,문학 응용과 사례 1판,신태양,생능출판,2020,9,교육,4.4,Y
LIB-00044,머신러닝 핸드북 3판,강수빈,북스홀릭,2008,97,인문,2.7,Y
LIB-00045,철학 기초부터 응용까지 3판,한지민,인사이트,2003,30,교육,2.3,Y
LIB-00046,파이썬 알고리즘 인터뷰 첫걸음 2판,이서연,생능출판,2008,66,프로그래밍,2.0,N
LIB-00047,머신러닝 입문 5판,임채원,인사이트,2025,61,교육,3.0,Y
LIB-00048,건축 첫걸음 1판,임채원,영진닷컴,2008,77,사회,2.9,Y
LIB-00049,생물학 응용과 사례 6판,조유진,생능출판,2020,81,사회,4.2,N
LIB-00050,인공지능 프로젝트 2판,배민서,인사이트,2016,94,컴퓨터/IT,3.3,Y
LIB-00051,파이썬 알고리즘 인터뷰 프로젝트 3판,배민서,북스홀릭,2011,31,프로그래밍,3.7,N
LIB-00052,혼자 공부하는 파이썬 첫걸음 3판,최하은,생능출판,2007,55,프로그래밍,4.4,Y
LIB-00053,자연어 처리 실전 가이드 8판,강수빈,인사이트,2016,79,컴퓨터/IT,3.7,Y
LIB-00054,데이터베이스 기초부터 응용까지 1판,장유나,북스홀릭,2025,45,컴퓨터/IT,4.7,N
LIB-00055,경제학 문제 해결 6판,최하은,정보문화사,2004,91,교육,2.9,N
LIB-00056,경영학 첫걸음 3판,배민서,에이콘출판,2019,15,인문,2.0,Y
LIB-00057,파이썬 자연어 처리 입문 5판,정도윤,생능출판,2001,5,프로그래밍,2.9,N
LIB-00058,문학 핵심 정리 1판,장유나,한빛미디어,2023,12,교육,2.8,Y
LIB-00059,문학 완벽 활용법 1판,강수빈,위키북스,2007,93,교육,2.1,Y
LIB-00060,네트워크 완벽 활용법 7판,이서연,위키북스,2026,36,인문,2.0,Y
LIB-00061,혼자 공부하는 파이썬 응용과 사례 1판,박지훈,정보문화사,2014,73,프로그래밍,3.0,N
LIB-00062,교육학 실전 가이드 8판,박지훈,생능출판,2022,78,인문,3.9,N
LIB-00063,교육학 핸드북 5판,윤서준,한빛미디어,2018,12,인문,4.7,N
LIB-00064,수학 응용과 사례 4판,김민준,한빛미디어,2001,41,사회,3.3,Y
LIB-00065,수학 문제 해결 8판,이서연,정보문화사,2004,15,과학,3.2,N
LIB-00066,정보보안 문제 해결 1판,임채원,제이펍,2003,68,사회,4.4,Y
LIB-00067,경제학 입문 9판,장유나,인사이트,2002,19,교육,3.1,N
LIB-00068,자료구조 핸드북 8판,강수빈,인사이트,2016,85,인문,3.4,Y
LIB-00069,Do it! 점프 투 파이썬 입문 1판,장유나,영진닷컴,2004,76,프로그래밍,3.3,Y
LIB-00070,철학 응용과 사례 9판,최하은,영진닷컴,2012,71,과학,3.0,Y
LIB-00071,소프트웨어 공학 입문 8판,한지민,인사이트,2023,16,교육,2.3,N
LIB-00072,통계학 프로젝트 4판,임채원,위키북스,2008,83,사회,2.8,Y
LIB-00073,웹 개발 문제 해결 8판,오현우,북스홀릭,2013,45,사회,2.3,Y
LIB-00074,역사 핸드북 1판,오현우,한빛미디어,2023,58,교육,2.4,N
LIB-00075,컴퓨터 비전 실전 가이드 3판,오현우,정보문화사,2024,43,경제/경영,3.5,Y
LIB-00076,컴퓨터 비전 완벽 활용법 9판,장유나,한빛미디어,2007,60,컴퓨터/IT,2.7,Y
LIB-00077,컴퓨터 비전 핸드북 3판,박지훈,북스홀릭,2022,28,과학,4.5,Y
LIB-00078,알고리즘 문제 해결 3판,서하린,에이콘출판,2024,43,과학,3.2,Y
LIB-00079,수학 첫걸음 5판,정도윤,생능출판,2014,17,컴퓨터/IT,3.8,Y
LIB-00080,수학 핸드북 7판,홍지호,한빛미디어,2011,58,과학,2.0,Y
LIB-00081,인공지능 기초부터 응용까지 7판,김민준,영진닷컴,2010,12,사회,3.1,Y
LIB-00082,컴퓨터 비전 첫걸음 1판,서하린,제이펍,2000,18,과학,4.3,Y
LIB-00083,Do it! 점프 투 파이썬 응용과 사례 5판,강수빈,한빛미디어,2017,77,프로그래밍,3.3,Y
LIB-00084,운영체제 핸드북 6판,장유나,북스홀릭,2004,80,컴퓨터/IT,2.0,Y
LIB-00085,교육학 문제 해결 3판,박지훈,북스홀릭,2022,27,인문,3.3,N
LIB-00086,소프트웨어 공학 핸드북 4판,배민서,정보문화사,2015,3,인문,4.7,Y
LIB-00087,심리학 핵심 정리 4판,박지훈,영진닷컴,2008,9,인문,2.1,Y
LIB-00088,딥러닝 완벽 활용법 3판,최하은,영진닷컴,2019,41,경제/경영,3.6,Y
LIB-00089,파이썬 자연어 처리 실전 가이드 2판,강수빈,생능출판,2009,48,프로그래밍,3.6,Y
LIB-00090,컴퓨터 비전 핵심 정리 4판,장유나,인사이트,2009,57,교육,2.4,Y
LIB-00091,머신러닝 프로젝트 7판,강수빈,생능출판,2002,68,경제/경영,4.0,N
LIB-00092,소프트웨어 공학 실전 가이드 8판,오현우,에이콘출판,2017,48,교육,2.7,Y
LIB-00093,경제학 실전 가이드 9판,강수빈,제이펍,2025,68,인문,3.1,Y
LIB-00094,클라우드 입문 9판,이서연,정보문화사,2017,30,교육,3.0,N
LIB-00095,운영체제 문제 해결 6판,윤서준,북스홀릭,2010,74,사회,3.0,N
LIB-00096,Python API 개발 완벽 활용법 1판,서하린,제이펍,2009,14,프로그래밍,5.0,Y
LIB-00097,디자인 핵심 정리 2판,정도윤,영진닷컴,2005,35,사회,2.1,N
LIB-00098,디자인 실전 가이드 3판,홍지호,북스홀릭,2003,86,사회,3.2,N
LIB-00099,철학 실전 가이드 3판,최하은,한빛미디어,2022,43,인문,4.2,Y
LIB-00100,디지털 리터러시 기초부터 응용까지 6판,오현우,인사이트,2012,48,컴퓨터/IT,3.0,Y
LIB-00101,역사 실전 가이드 7판,최하은,길벗,2001,22,인문,2.9,Y
LIB-00102,알고리즘 첫걸음 9판,한지민,정보문화사,2008,29,인문,3.6,Y
LIB-00103,교육학 완벽 활용법 5판,박지훈,에이콘출판,2007,26,교육,2.4,Y
LIB-00104,웹 개발 완벽 활용법 5판,박지훈,길벗,2012,47,교육,4.6,Y
LIB-00105,인공지능 문제 해결 4판,서하린,에이콘출판,2021,52,과학,4.7,N
LIB-00106,철학 핵심 정리 5판,오현우,제이펍,2002,0,과학,3.7,Y
LIB-00107,인공지능 응용과 사례 3판,김민준,생능출판,2004,89,과학,4.4,Y
LIB-00108,네트워크 실전 가이드 9판,임채원,정보문화사,2000,69,사회,4.3,N
LIB-00109,Python으로 배우는 자료구조 핸드북 3판,강수빈,북스홀릭,2018,35,프로그래밍,4.3,N
LIB-00110,알고리즘 프로젝트 2판,임채원,에이콘출판,2015,23,경제/경영,4.5,Y
LIB-00111,운영체제 핵심 정리 2판,서하린,한빛미디어,2001,38,사회,2.8,Y
LIB-00112,디자인 기초부터 응용까지 8판,조유진,제이펍,2022,67,경제/경영,2.2,Y
LIB-00113,소프트웨어 공학 응용과 사례 9판,김민준,에이콘출판,2021,7,과학,3.5,Y
LIB-00114,문학 완벽 활용법 5판,임채원,영진닷컴,2015,62,컴퓨터/IT,2.4,N
LIB-00115,경영학 프로젝트 6판,임채원,정보문화사,2011,76,경제/경영,3.7,Y
LIB-00116,빅데이터 첫걸음 9판,서하린,길벗,2006,86,경제/경영,3.5,Y
LIB-00117,디지털 리터러시 프로젝트 4판,신태양,인사이트,2016,51,컴퓨터/IT,4.2,Y
LIB-00118,정보보안 실전 가이드 8판,임채원,제이펍,2019,52,경제/경영,2.0,N
LIB-00119,자연어 처리 응용과 사례 3판,이서연,한빛미디어,2018,9,사회,4.3,Y
LIB-00120,교육학 핸드북 8판,강수빈,생능출판,2006,7,경제/경영,3.0,Y
LIB-00121,자료구조 문제 해결 3판,윤서준,에이콘출판,2011,60,교육,5.0,N
LIB-00122,과학 문제 해결 2판,신태양,북스홀릭,2008,83,과학,4.1,Y
LIB-00123,철학 핸드북 8판,배민서,생능출판,2022,64,인문,3.8,Y
LIB-00124,빅데이터 실전 가이드 4판,최하은,에이콘출판,2001,49,컴퓨터/IT,2.9,N
LIB-00125,웹 개발 응용과 사례 2판,한지민,제이펍,2005,1,교육,2.0,Y
LIB-00126,데이터 분석 핵심 정리 4판,신태양,에이콘출판,2001,0,인문,4.1,N
LIB-00127,데이터베이스 프로젝트 2판,박지훈,길벗,2019,72,과학,3.2,N
LIB-00128,디자인 기초부터 응용까지 2판,최하은,정보문화사,2013,92,경제/경영,3.5,Y
LIB-00129,네트워크 문제 해결 4판,조유진,길벗,2022,20,사회,2.9,N
LIB-00130,과학 응용과 사례 2판,윤서준,한빛미디어,2004,49,사회,3.7,N
LIB-00131,디지털 리터러시 핸드북 7판,신태양,생능출판,2009,54,과학,4.1,Y
LIB-00132,컴퓨터 비전 문제 해결 3판,이서연,정보문화사,2015,16,경제/경영,3.8,Y
LIB-00133,통계학 핵심 정리 6판,정도윤,길벗,2015,65,인문,3.5,Y
LIB-00134,머신러닝 프로젝트 5판,강수빈,영진닷컴,2001,64,교육,3.3,Y
LIB-00135,데이터베이스 문제 해결 4판,최하은,길벗,2003,100,컴퓨터/IT,4.3,N
LIB-00136,데이터 분석 기초부터 응용까지 4판,강수빈,정보문화사,2013,12,인문,3.2,Y
LIB-00137,경제학 핸드북 9판,장유나,한빛미디어,2012,91,사회,2.1,N
LIB-00138,클라우드 응용과 사례 6판,장유나,영진닷컴,2020,5,경제/경영,3.8,N
LIB-00139,데이터베이스 핵심 정리 3판,한지민,길벗,2003,79,교육,4.2,N
LIB-00140,클라우드 입문 2판,배민서,에이콘출판,2017,77,사회,4.8,Y
LIB-00141,빅데이터 완벽 활용법 9판,한지민,제이펍,2001,64,과학,4.4,Y
LIB-00142,자료구조 완벽 활용법 1판,임채원,한빛미디어,2007,19,인문,3.1,N
LIB-00143,심리학 기초부터 응용까지 3판,조유진,에이콘출판,2015,67,교육,4.9,N
LIB-00144,건축 핸드북 2판,최하은,길벗,2023,31,사회,3.9,Y
LIB-00145,과학 응용과 사례 6판,배민서,인사이트,2017,50,경제/경영,3.7,Y
LIB-00146,생물학 문제 해결 9판,이서연,인사이트,2002,10,인문,2.4,Y
LIB-00147,운영체제 완벽 활용법 1판,장유나,정보문화사,2010,62,경제/경영,4.0,N
LIB-00148,Python 데이터 분석 실전 가이드 1판,임채원,한빛미디어,2023,72,프로그래밍,3.3,N
LIB-00149,네트워크 실전 가이드 4판,이서연,위키북스,2005,2,과학,3.0,Y
LIB-00150,Python 데이터 분석 입문 2판,정도윤,정보문화사,2007,74,프로그래밍,4.5,Y
LIB-00151,소프트웨어 공학 입문 5판,오현우,북스홀릭,2012,21,경제/경영,4.1,Y
LIB-00152,Do it! 점프 투 파이썬 핵심 정리 2판,오현우,정보문화사,2023,57,프로그래밍,2.7,Y
LIB-00153,정보보안 기초부터 응용까지 1판,정도윤,생능출판,2026,16,인문,4.1,Y
LIB-00154,건축 입문 5판,이서연,북스홀릭,2008,59,과학,4.1,Y
LIB-00155,철학 핸드북 9판,서하린,북스홀릭,2011,43,교육,3.4,N
LIB-00156,파이썬과 통계 기초부터 응용까지 5판,신태양,북스홀릭,2025,31,프로그래밍,3.2,Y
LIB-00157,교육학 첫걸음 3판,홍지호,인사이트,2019,65,사회,3.4,N
LIB-00158,데이터베이스 응용과 사례 8판,서하린,한빛미디어,2007,15,컴퓨터/IT,3.4,Y
LIB-00159,자료구조 핵심 정리 2판,최하은,위키북스,2024,80,교육,3.5,Y
LIB-00160,역사 핵심 정리 6판,서하린,길벗,2025,3,컴퓨터/IT,3.8,Y
LIB-00161,소프트웨어 공학 응용과 사례 4판,정도윤,제이펍,2005,63,인문,2.3,N
LIB-00162,머신러닝 실전 가이드 2판,김민준,제이펍,2001,37,컴퓨터/IT,2.1,Y
LIB-00163,소프트웨어 공학 핸드북 4판,한지민,길벗,2019,11,경제/경영,4.0,Y
LIB-00164,철학 핵심 정리 9판,강수빈,한빛미디어,2010,67,인문,4.7,Y
LIB-00165,운영체제 첫걸음 1판,장유나,제이펍,2018,76,교육,3.6,Y
LIB-00166,네트워크 실전 가이드 3판,박지훈,한빛미디어,2002,31,과학,3.4,Y
LIB-00167,정보보안 첫걸음 1판,한지민,위키북스,2017,41,교육,4.8,Y
LIB-00168,디지털 리터러시 실전 가이드 6판,강수빈,북스홀릭,2004,53,인문,4.9,Y
LIB-00169,철학 기초부터 응용까지 8판,신태양,영진닷컴,2003,6,사회,4.3,Y
LIB-00170,심리학 입문 4판,이서연,제이펍,2014,74,인문,3.4,Y
LIB-00171,알고리즘 문제 해결 1판,한지민,에이콘출판,2021,88,경제/경영,3.4,Y
LIB-00172,빅데이터 프로젝트 1판,이서연,생능출판,2014,42,교육,3.4,Y
LIB-00173,과학 완벽 활용법 3판,최하은,생능출판,2000,79,교육,4.3,Y
LIB-00174,데이터 분석 핸드북 9판,신태양,인사이트,2006,58,사회,4.1,Y
LIB-00175,혼자 공부하는 파이썬 문제 해결 5판,오현우,길벗,2023,19,프로그래밍,4.4,Y
LIB-00176,컴퓨터 비전 핵심 정리 3판,신태양,에이콘출판,2021,6,교육,3.9,Y
LIB-00177,과학 응용과 사례 4판,장유나,생능출판,2017,69,교육,2.8,N
LIB-00178,파이썬과 통계 문제 해결 1판,김민준,길벗,2012,28,프로그래밍,4.3,N
LIB-00179,파이썬 자연어 처리 실전 가이드 2판,홍지호,길벗,2022,48,프로그래밍,4.3,Y
LIB-00180,통계학 첫걸음 3판,정도윤,길벗,2005,48,사회,4.4,Y
LIB-00181,철학 프로젝트 2판,신태양,길벗,2011,34,과학,3.9,N
LIB-00182,심리학 응용과 사례 4판,임채원,영진닷컴,2012,5,과학,2.5,Y
LIB-00183,통계학 문제 해결 3판,배민서,위키북스,2023,9,컴퓨터/IT,4.3,Y
LIB-00184,데이터 분석 문제 해결 7판,배민서,영진닷컴,2010,99,과학,3.4,N
LIB-00185,Python으로 배우는 자료구조 응용과 사례 3판,서하린,제이펍,2001,75,프로그래밍,4.9,Y
LIB-00186,디자인 첫걸음 2판,임채원,정보문화사,2019,1,경제/경영,3.0,Y
LIB-00187,파이썬 알고리즘 인터뷰 핵심 정리 3판,윤서준,한빛미디어,2016,9,프로그래밍,2.0,Y
LIB-00188,자료구조 핸드북 3판,배민서,제이펍,2021,0,컴퓨터/IT,2.4,N
LIB-00189,정보보안 실전 가이드 2판,배민서,영진닷컴,2000,58,사회,2.6,Y
LIB-00190,파이썬 알고리즘 인터뷰 첫걸음 2판,오현우,에이콘출판,2018,62,프로그래밍,3.2,Y
LIB-00191,인공지능 완벽 활용법 9판,배민서,제이펍,2010,36,경제/경영,4.1,Y
LIB-00192,건축 핸드북 4판,신태양,생능출판,2010,49,컴퓨터/IT,3.3,N
LIB-00193,자연어 처리 프로젝트 6판,이서연,인사이트,2024,31,과학,4.4,Y
LIB-00194,Do it! 점프 투 파이썬 프로젝트 4판,한지민,한빛미디어,2006,99,프로그래밍,4.1,Y
LIB-00195,머신러닝 실전 가이드 4판,오현우,북스홀릭,2016,7,인문,2.6,N
LIB-00196,웹 개발 실전 가이드 7판,장유나,생능출판,2024,32,교육,2.7,Y
LIB-00197,건축 응용과 사례 9판,장유나,인사이트,2014,33,교육,4.1,Y
LIB-00198,소프트웨어 공학 첫걸음 5판,신태양,영진닷컴,2006,14,사회,4.9,Y
LIB-00199,혼자 공부하는 파이썬 프로젝트 3판,강수빈,인사이트,2018,46,프로그래밍,4.8,Y
LIB-00200,생물학 첫걸음 9판,신태양,생능출판,2007,49,컴퓨터/IT,3.4,Y
LIB-00201,데이터베이스 문제 해결 6판,장유나,인사이트,2003,82,교육,4.6,Y
LIB-00202,자료구조 완벽 활용법 8판,조유진,인사이트,2003,58,교육,2.3,Y
LIB-00203,딥러닝 핵심 정리 6판,김민준,한빛미디어,2003,93,사회,2.0,Y
LIB-00204,알고리즘 첫걸음 4판,임채원,제이펍,2009,45,과학,2.6,Y
LIB-00205,생물학 핸드북 6판,신태양,에이콘출판,2021,54,컴퓨터/IT,3.0,N
LIB-00206,딥러닝 핵심 정리 8판,강수빈,에이콘출판,2013,72,과학,2.0,Y
LIB-00207,생물학 핵심 정리 3판,한지민,에이콘출판,2024,79,사회,3.6,Y
LIB-00208,생물학 핸드북 8판,정도윤,길벗,2008,5,과학,2.4,Y
LIB-00209,문학 핵심 정리 2판,정도윤,한빛미디어,2004,6,사회,4.0,Y
LIB-00210,Python 데이터 분석 실전 가이드 4판,정도윤,길벗,2011,95,프로그래밍,4.6,Y
LIB-00211,정보보안 프로젝트 8판,정도윤,제이펍,2002,27,경제/경영,4.5,Y
LIB-00212,빅데이터 기초부터 응용까지 1판,신태양,위키북스,2022,15,교육,3.1,N
LIB-00213,교육학 프로젝트 6판,윤서준,에이콘출판,2010,2,인문,2.6,Y
LIB-00214,딥러닝 완벽 활용법 9판,강수빈,정보문화사,2009,69,사회,2.9,N
LIB-00215,도서관 자료 관리 실무 6판,서하린,영진닷컴,2004,38,경제/경영,3.4,Y
LIB-00216,과학 완벽 활용법 3판,홍지호,정보문화사,2015,39,컴퓨터/IT,4.0,Y
LIB-00217,알고리즘 완벽 활용법 2판,정도윤,생능출판,2003,42,컴퓨터/IT,4.4,N
LIB-00218,알고리즘 첫걸음 7판,서하린,위키북스,2012,100,컴퓨터/IT,4.1,Y
LIB-00219,문학 핵심 정리 4판,오현우,북스홀릭,2019,31,컴퓨터/IT,2.1,Y
LIB-00220,Do it! 점프 투 파이썬 핸드북 5판,임채원,에이콘출판,2013,5,프로그래밍,3.0,N
LIB-00221,과학 입문 4판,김민준,에이콘출판,2007,8,교육,2.8,Y
LIB-00222,운영체제 완벽 활용법 3판,한지민,위키북스,2022,3,인문,3.5,Y
LIB-00223,자료구조 핵심 정리 9판,배민서,한빛미디어,2018,98,경제/경영,2.2,Y
LIB-00224,생물학 핵심 정리 5판,이서연,한빛미디어,2016,49,경제/경영,2.4,Y
LIB-00225,역사 완벽 활용법 3판,홍지호,제이펍,2020,100,인문,3.8,N
LIB-00226,수학 핸드북 6판,한지민,생능출판,2001,72,인문,2.8,Y
LIB-00227,역사 첫걸음 6판,장유나,에이콘출판,2009,96,과학,5.0,Y
LIB-00228,데이터베이스 문제 해결 7판,최하은,생능출판,2018,78,과학,4.5,Y
LIB-00229,Python API 개발 완벽 활용법 4판,임채원,길벗,2017,29,프로그래밍,4.1,Y
LIB-00230,머신러닝 프로젝트 2판,장유나,에이콘출판,2015,95,사회,2.3,Y
LIB-00231,수학 실전 가이드 1판,김민준,인사이트,2022,7,컴퓨터/IT,3.8,Y
LIB-00232,인공지능 프로젝트 1판,강수빈,에이콘출판,2026,37,교육,2.6,Y
LIB-00233,데이터베이스 프로젝트 8판,윤서준,제이펍,2000,87,과학,4.9,Y
LIB-00234,디자인 기초부터 응용까지 8판,신태양,위키북스,2019,30,사회,3.2,Y
LIB-00235,생물학 기초부터 응용까지 5판,배민서,길벗,2024,52,사회,2.0,Y
LIB-00236,건축 프로젝트 5판,한지민,위키북스,2023,8,컴퓨터/IT,4.1,Y
LIB-00237,Python 데이터 분석 핵심 정리 1판,오현우,위키북스,2005,64,프로그래밍,2.4,Y
LIB-00238,데이터베이스 프로젝트 6판,장유나,북스홀릭,2023,56,경제/경영,4.0,Y
LIB-00239,컴퓨터 비전 프로젝트 2판,조유진,에이콘출판,2023,32,인문,4.1,Y
LIB-00240,운영체제 프로젝트 2판,조유진,생능출판,2014,40,경제/경영,4.3,Y
LIB-00241,인공지능 실전 가이드 1판,정도윤,길벗,2023,56,경제/경영,3.4,Y
LIB-00242,자료구조 핸드북 2판,정도윤,한빛미디어,2022,21,사회,5.0,Y
LIB-00243,머신러닝 완벽 활용법 7판,김민준,영진닷컴,2020,42,사회,4.3,N
LIB-00244,컴퓨터 비전 첫걸음 3판,윤서준,위키북스,2025,79,컴퓨터/IT,2.6,Y
LIB-00245,Python 데이터 분석 핸드북 2판,신태양,한빛미디어,2004,2,프로그래밍,4.0,Y
LIB-00246,정보보안 입문 9판,윤서준,길벗,2016,33,인문,3.4,Y
LIB-00247,PYTHON 자동화 실습,임채원,북스홀릭,2024,79,프로그래밍,2.8,Y
LIB-00248,Do it! 점프 투 파이썬 핵심 정리 2판,강수빈,한빛미디어,2000,1,프로그래밍,4.5,N
LIB-00249,컴퓨터 비전 완벽 활용법 8판,서하린,한빛미디어,2022,18,교육,4.4,N
LIB-00250,빅데이터 핸드북 3판,강수빈,영진닷컴,2023,61,컴퓨터/IT,2.6,Y
LIB-00251,자연어 처리 응용과 사례 7판,배민서,길벗,2024,10,경제/경영,3.2,N
LIB-00252,파이썬 자연어 처리 프로젝트 3판,장유나,북스홀릭,2019,59,프로그래밍,2.4,Y
LIB-00253,컴퓨터 비전 핵심 정리 1판,최하은,에이콘출판,2016,58,교육,3.6,Y
LIB-00254,클라우드 입문 9판,최하은,길벗,2018,65,사회,4.5,Y
LIB-00255,클라우드 문제 해결 8판,한지민,생능출판,2015,50,교육,3.1,Y
LIB-00256,Python for Beginners 핵심 정리 4판,강수빈,영진닷컴,2021,89,프로그래밍,2.9,Y
LIB-00257,운영체제 첫걸음 6판,이서연,제이펍,2010,26,인문,4.9,Y
LIB-00258,경제학 완벽 활용법 2판,최하은,생능출판,2019,51,과학,2.0,N
LIB-00259,데이터베이스 기초부터 응용까지 9판,한지민,생능출판,2011,58,사회,3.6,Y
LIB-00260,운영체제 입문 4판,서하린,에이콘출판,2024,7,과학,2.4,Y
LIB-00261,PYTHON 자동화 실습 첫걸음 1판,신태양,길벗,2008,62,프로그래밍,3.3,Y
LIB-00262,혼자 공부하는 파이썬 핸드북 1판,조유진,한빛미디어,2015,67,프로그래밍,3.1,Y
LIB-00263,파이썬과 통계 실전 가이드 2판,정도윤,북스홀릭,2026,40,프로그래밍,2.6,Y
LIB-00264,건축 완벽 활용법 4판,정도윤,북스홀릭,2019,38,인문,4.2,Y
LIB-00265,디지털 리터러시 입문 1판,홍지호,영진닷컴,2000,97,과학,3.6,N
LIB-00266,역사 핸드북 3판,박지훈,에이콘출판,2019,82,사회,3.3,Y
LIB-00267,python 데이터 시각화 프로젝트 2판,강수빈,정보문화사,2019,94,프로그래밍,4.1,Y
LIB-00268,데이터베이스 완벽 활용법 8판,홍지호,한빛미디어,2009,77,인문,2.7,Y
LIB-00269,운영체제 문제 해결 5판,조유진,생능출판,2019,77,사회,3.2,Y
LIB-00270,머신러닝 입문 8판,최하은,에이콘출판,2026,59,경제/경영,3.1,N
LIB-00271,소프트웨어 공학 기초부터 응용까지 6판,김민준,에이콘출판,2013,21,과학,5.0,Y
LIB-00272,운영체제 기초부터 응용까지 1판,한지민,영진닷컴,2013,33,과학,3.3,N
LIB-00273,혼자 공부하는 파이썬 기초부터 응용까지 5판,임채원,인사이트,2016,5,프로그래밍,2.0,Y
LIB-00274,소프트웨어 공학 핸드북 8판,강수빈,제이펍,2002,14,컴퓨터/IT,2.3,Y
LIB-00275,빅데이터 실전 가이드 7판,정도윤,인사이트,2015,22,컴퓨터/IT,2.7,N
LIB-00276,건축 핵심 정리 8판,강수빈,정보문화사,2023,29,경제/경영,2.7,Y
LIB-00277,컴퓨터 비전 기초부터 응용까지 1판,강수빈,인사이트,2013,94,경제/경영,3.6,Y
LIB-00278,문학 문제 해결 3판,배민서,인사이트,2007,45,사회,2.9,Y
LIB-00279,철학 실전 가이드 7판,조유진,에이콘출판,2001,71,인문,3.0,N
LIB-00280,데이터베이스 기초부터 응용까지 1판,정도윤,위키북스,2011,57,사회,3.9,Y
LIB-00281,인공지능 완벽 활용법 2판,장유나,정보문화사,2000,84,사회,2.8,N
LIB-00282,알고리즘 완벽 활용법 6판,정도윤,생능출판,2010,47,과학,2.8,Y
LIB-00283,알고리즘 완벽 활용법 8판,서하린,북스홀릭,2012,30,컴퓨터/IT,2.4,Y
LIB-00284,자연어 처리 입문 6판,정도윤,한빛미디어,2010,70,사회,3.1,Y
LIB-00285,Deep Learning with Python 핸드북 3판,임채원,에이콘출판,2024,81,프로그래밍,2.6,Y
LIB-00286,생물학 핸드북 9판,오현우,에이콘출판,2001,25,경제/경영,2.0,Y
LIB-00287,네트워크 실전 가이드 7판,서하린,에이콘출판,2003,3,과학,4.4,Y
LIB-00288,빅데이터 프로젝트 9판,신태양,제이펍,2009,4,과학,3.3,Y
LIB-00289,통계학 핸드북 6판,신태양,에이콘출판,2026,17,인문,2.2,Y
LIB-00290,디자인 문제 해결 3판,이서연,생능출판,2013,0,컴퓨터/IT,3.3,Y
LIB-00291,Python으로 배우는 자료구조 입문 4판,이서연,제이펍,2026,73,프로그래밍,2.5,Y
LIB-00292,데이터 분석 실전 가이드 7판,조유진,위키북스,2026,37,인문,3.4,Y
LIB-00293,인공지능 응용과 사례 5판,홍지호,한빛미디어,2019,17,과학,4.9,Y
LIB-00294,웹 개발 입문 1판,신태양,생능출판,2000,21,컴퓨터/IT,4.5,N
LIB-00295,정보보안 문제 해결 7판,최하은,위키북스,2002,22,교육,2.8,Y
LIB-00296,생물학 실전 가이드 1판,장유나,제이펍,2022,13,과학,5.0,Y
LIB-00297,건축 기초부터 응용까지 7판,박지훈,위키북스,2009,49,교육,4.3,Y
LIB-00298,소프트웨어 공학 응용과 사례 7판,홍지호,위키북스,2013,59,교육,4.9,Y
LIB-00299,데이터베이스 문제 해결 3판,신태양,정보문화사,2005,37,사회,2.6,Y
LIB-00300,인공지능 핸드북 9판,이서연,위키북스,2007,29,컴퓨터/IT,3.6,Y
LIB-00301,생물학 핸드북 6판,신태양,제이펍,2010,100,사회,4.3,N
LIB-00302,빅데이터 핵심 정리 8판,홍지호,북스홀릭,2008,49,사회,4.2,Y
LIB-00303,문학 실전 가이드 3판,박지훈,북스홀릭,2020,72,인문,2.5,Y
LIB-00304,디자인 첫걸음 2판,윤서준,제이펍,2008,41,교육,4.2,Y
LIB-00305,역사 첫걸음 2판,장유나,위키북스,2001,98,사회,4.9,N
LIB-00306,통계학 완벽 활용법 1판,신태양,위키북스,2002,92,교육,4.5,Y
LIB-00307,건축 핵심 정리 8판,임채원,영진닷컴,2015,97,교육,4.6,Y
LIB-00308,디자인 실전 가이드 5판,박지훈,한빛미디어,2017,92,컴퓨터/IT,4.7,Y
LIB-00309,교육학 응용과 사례 4판,강수빈,한빛미디어,2023,60,사회,2.5,N
LIB-00310,클라우드 첫걸음 1판,정도윤,북스홀릭,2012,61,과학,2.0,Y
LIB-00311,빅데이터 입문 6판,김민준,인사이트,2012,24,경제/경영,4.3,N
LIB-00312,컴퓨터 비전 실전 가이드 3판,서하린,북스홀릭,2015,83,컴퓨터/IT,2.1,N
LIB-00313,웹 개발 핸드북 2판,정도윤,인사이트,2003,35,컴퓨터/IT,4.2,Y
LIB-00314,PYTHON 자동화 실습 핸드북 4판,서하린,인사이트,2008,14,프로그래밍,2.7,Y
LIB-00315,데이터베이스 완벽 활용법 9판,신태양,에이콘출판,2003,78,과학,4.7,Y
LIB-00316,딥러닝 문제 해결 7판,정도윤,위키북스,2004,97,컴퓨터/IT,2.9,Y
LIB-00317,네트워크 입문 4판,최하은,제이펍,2018,92,인문,3.8,N
LIB-00318,과학 문제 해결 1판,오현우,영진닷컴,2013,83,사회,4.1,Y
LIB-00319,파이썬 알고리즘 인터뷰 응용과 사례 3판,서하린,북스홀릭,2023,12,프로그래밍,2.7,Y
LIB-00320,빅데이터 기초부터 응용까지 4판,홍지호,제이펍,2014,83,과학,2.4,Y
LIB-00321,파이썬 자연어 처리 완벽 활용법 3판,홍지호,에이콘출판,2010,74,프로그래밍,4.3,Y
LIB-00322,디자인 완벽 활용법 3판,장유나,위키북스,2012,22,사회,4.9,Y
LIB-00323,과학 입문 8판,임채원,위키북스,2006,79,경제/경영,5.0,Y
LIB-00324,교육학 응용과 사례 5판,장유나,제이펍,2026,69,경제/경영,3.3,N
LIB-00325,건축 기초부터 응용까지 6판,윤서준,영진닷컴,2015,58,인문,2.4,Y
LIB-00326,철학 응용과 사례 3판,이서연,길벗,2006,9,교육,4.4,N
LIB-00327,컴퓨터 비전 응용과 사례 9판,조유진,북스홀릭,2016,29,교육,4.1,N
LIB-00328,과학 핸드북 6판,배민서,정보문화사,2010,56,과학,4.2,Y
LIB-00329,자연어 처리 첫걸음 2판,조유진,정보문화사,2025,62,컴퓨터/IT,3.4,N
LIB-00330,머신러닝 핵심 정리 3판,오현우,한빛미디어,2024,33,교육,4.7,N
LIB-00331,자연어 처리 프로젝트 9판,강수빈,에이콘출판,2009,98,컴퓨터/IT,3.7,Y
LIB-00332,클라우드 입문 4판,김민준,생능출판,2017,43,사회,2.8,Y
LIB-00333,혼자 공부하는 파이썬 응용과 사례 1판,조유진,정보문화사,2022,11,프로그래밍,3.4,Y
LIB-00334,교육학 핵심 정리 7판,윤서준,길벗,2023,71,경제/경영,2.1,Y
LIB-00335,컴퓨터 비전 완벽 활용법 4판,정도윤,위키북스,2001,22,경제/경영,3.9,Y
LIB-00336,운영체제 완벽 활용법 9판,윤서준,한빛미디어,2002,6,과학,3.3,Y
LIB-00337,자연어 처리 응용과 사례 4판,홍지호,위키북스,2020,2,컴퓨터/IT,2.3,Y
LIB-00338,데이터베이스 완벽 활용법 5판,정도윤,에이콘출판,2024,82,교육,4.6,N
LIB-00339,파이썬 알고리즘 인터뷰 입문 4판,강수빈,정보문화사,2021,37,프로그래밍,3.8,Y
LIB-00340,딥러닝 프로젝트 3판,조유진,영진닷컴,2023,26,인문,4.9,N
LIB-00341,PYTHON 자동화 실습 핵심 정리 2판,김민준,정보문화사,2007,33,프로그래밍,3.8,Y
LIB-00342,생물학 핵심 정리 9판,홍지호,길벗,2022,93,교육,2.3,Y
LIB-00343,문학 응용과 사례 2판,김민준,위키북스,2007,91,교육,3.2,N
LIB-00344,빅데이터 핸드북 2판,최하은,제이펍,2010,23,교육,3.6,N
LIB-00345,머신러닝 핵심 정리 4판,윤서준,인사이트,2014,81,교육,2.6,N
LIB-00346,과학 문제 해결 7판,홍지호,정보문화사,2003,44,인문,3.1,Y
LIB-00347,문학 핸드북 2판,오현우,길벗,2021,87,인문,2.1,Y
LIB-00348,소프트웨어 공학 핸드북 3판,정도윤,영진닷컴,2024,28,사회,2.7,Y
LIB-00349,Python으로 배우는 자료구조 응용과 사례 1판,서하린,생능출판,2016,70,프로그래밍,2.2,Y
LIB-00350,문학 실전 가이드 3판,홍지호,길벗,2005,13,인문,4.1,Y
LIB-00351,Python 데이터 분석 프로젝트 2판,이서연,길벗,2024,74,프로그래밍,3.8,Y
LIB-00352,컴퓨터 비전 프로젝트 2판,한지민,영진닷컴,2020,20,인문,4.6,Y
LIB-00353,소프트웨어 공학 프로젝트 7판,배민서,한빛미디어,2014,47,컴퓨터/IT,2.5,Y
LIB-00354,교육학 완벽 활용법 6판,신태양,한빛미디어,2001,78,경제/경영,3.3,Y
LIB-00355,네트워크 응용과 사례 1판,이서연,길벗,2012,90,사회,2.3,Y
LIB-00356,알고리즘 핸드북 8판,정도윤,인사이트,2024,8,경제/경영,4.6,Y
LIB-00357,디자인 핸드북 4판,정도윤,생능출판,2024,9,인문,3.5,Y
LIB-00358,클라우드 응용과 사례 5판,이서연,길벗,2017,100,과학,3.1,Y
LIB-00359,경영학 첫걸음 7판,오현우,길벗,2019,4,인문,4.0,N
LIB-00360,빅데이터 입문 3판,정도윤,정보문화사,2014,93,인문,4.2,N
LIB-00361,역사 실전 가이드 9판,홍지호,인사이트,2026,44,인문,2.4,Y
LIB-00362,문학 응용과 사례 2판,장유나,위키북스,2022,31,경제/경영,2.3,Y
LIB-00363,PYTHON 자동화 실습 기초부터 응용까지 1판,강수빈,생능출판,2009,55,프로그래밍,4.0,N
LIB-00364,Deep Learning with Python 입문 4판,서하린,인사이트,2001,10,프로그래밍,3.0,N
LIB-00365,운영체제 기초부터 응용까지 5판,최하은,제이펍,2019,28,경제/경영,2.7,Y
LIB-00366,파이썬 머신러닝 완벽 가이드 핵심 정리 4판,한지민,생능출판,2010,14,프로그래밍,5.0,Y
LIB-00367,네트워크 문제 해결 7판,김민준,에이콘출판,2023,13,과학,2.3,Y
LIB-00368,Python for Beginners 기초부터 응용까지 2판,정도윤,위키북스,2002,69,프로그래밍,4.1,N
LIB-00369,자연어 처리 핸드북 8판,조유진,북스홀릭,2008,14,컴퓨터/IT,2.3,Y
LIB-00370,소프트웨어 공학 완벽 활용법 1판,오현우,영진닷컴,2021,14,인문,3.0,Y
LIB-00371,혼자 공부하는 파이썬 문제 해결 2판,서하린,정보문화사,2001,12,프로그래밍,2.4,Y
LIB-00372,데이터베이스 핵심 정리 2판,홍지호,위키북스,2016,8,인문,3.2,Y
LIB-00373,python 데이터 시각화 문제 해결 1판,최하은,위키북스,2018,29,프로그래밍,4.1,Y
LIB-00374,교육학 프로젝트 7판,조유진,영진닷컴,2008,38,사회,2.7,N
LIB-00375,클라우드 기초부터 응용까지 3판,조유진,정보문화사,2001,0,사회,3.4,Y
LIB-00376,알고리즘 입문 1판,최하은,에이콘출판,2016,81,교육,2.3,Y
LIB-00377,통계학 문제 해결 1판,서하린,제이펍,2002,73,컴퓨터/IT,2.6,Y
LIB-00378,디지털 리터러시 프로젝트 6판,홍지호,북스홀릭,2000,71,경제/경영,3.8,Y
LIB-00379,심리학 완벽 활용법 9판,장유나,제이펍,2010,10,경제/경영,5.0,Y
LIB-00380,머신러닝 첫걸음 9판,조유진,인사이트,2017,0,인문,2.6,Y
LIB-00381,디자인 핸드북 6판,장유나,인사이트,2010,59,컴퓨터/IT,4.5,Y
LIB-00382,수학 입문 2판,이서연,북스홀릭,2005,85,과학,4.9,Y
LIB-00383,통계학 프로젝트 3판,이서연,에이콘출판,2015,35,경제/경영,4.8,Y
LIB-00384,머신러닝 완벽 활용법 1판,강수빈,한빛미디어,2010,44,경제/경영,2.3,Y
LIB-00385,운영체제 입문 3판,이서연,정보문화사,2007,40,인문,4.7,Y
LIB-00386,네트워크 프로젝트 6판,최하은,제이펍,2007,82,사회,4.6,N
LIB-00387,디지털 리터러시 핸드북 4판,서하린,생능출판,2008,7,경제/경영,4.9,Y
LIB-00388,교육학 핸드북 6판,정도윤,북스홀릭,2010,0,컴퓨터/IT,2.0,Y
LIB-00389,심리학 응용과 사례 1판,홍지호,길벗,2022,22,사회,3.2,N
LIB-00390,Python for Beginners 핵심 정리 1판,정도윤,위키북스,2022,93,프로그래밍,4.0,N
LIB-00391,생물학 완벽 활용법 8판,이서연,인사이트,2023,78,과학,3.0,Y
LIB-00392,문학 핸드북 3판,조유진,한빛미디어,2006,37,교육,4.6,Y
LIB-00393,컴퓨터 비전 입문 8판,오현우,정보문화사,2007,79,경제/경영,2.8,N
LIB-00394,자료구조 기초부터 응용까지 9판,조유진,생능출판,2024,6,사회,4.3,Y
LIB-00395,데이터 분석 입문 1판,최하은,정보문화사,2019,11,교육,4.9,N
LIB-00396,역사 완벽 활용법 3판,최하은,영진닷컴,2002,34,컴퓨터/IT,2.0,Y
LIB-00397,웹 개발 기초부터 응용까지 7판,장유나,북스홀릭,2019,25,인문,4.1,N
LIB-00398,Deep Learning with Python 첫걸음 1판,서하린,에이콘출판,2019,18,프로그래밍,3.8,Y
LIB-00399,생물학 문제 해결 2판,한지민,생능출판,2017,60,과학,2.2,N
LIB-00400,정보보안 핵심 정리 1판,조유진,북스홀릭,2002,26,경제/경영,3.1,Y
LIB-00401,건축 첫걸음 8판,박지훈,한빛미디어,2002,26,교육,3.9,N
LIB-00402,소프트웨어 공학 첫걸음 7판,홍지호,한빛미디어,2014,91,교육,3.1,Y
LIB-00403,디지털 리터러시 문제 해결 4판,장유나,한빛미디어,2020,7,교육,4.4,Y
LIB-00404,python 데이터 시각화 첫걸음 4판,김민준,정보문화사,2015,71,프로그래밍,2.4,Y
LIB-00405,자료구조 실전 가이드 9판,윤서준,정보문화사,2015,95,컴퓨터/IT,2.8,Y
LIB-00406,웹 개발 응용과 사례 7판,정도윤,에이콘출판,2002,68,사회,2.1,Y
LIB-00407,경제학 입문 1판,신태양,영진닷컴,2019,50,인문,2.7,Y
LIB-00408,빅데이터 첫걸음 2판,박지훈,정보문화사,2012,4,컴퓨터/IT,3.8,Y
LIB-00409,경제학 기초부터 응용까지 9판,임채원,위키북스,2013,81,인문,2.3,Y
LIB-00410,자연어 처리 응용과 사례 5판,홍지호,인사이트,2014,32,컴퓨터/IT,4.6,Y
LIB-00411,딥러닝 실전 가이드 8판,한지민,생능출판,2000,38,인문,4.0,N
LIB-00412,Python for Beginners 응용과 사례 5판,배민서,생능출판,2012,77,프로그래밍,3.4,Y
LIB-00413,머신러닝 핸드북 1판,홍지호,생능출판,2023,21,경제/경영,3.2,Y
LIB-00414,Python 데이터 분석 입문 1판,서하린,인사이트,2018,58,프로그래밍,2.1,N
LIB-00415,교육학 실전 가이드 5판,강수빈,정보문화사,2004,17,사회,2.9,Y
LIB-00416,혼자 공부하는 파이썬 완벽 활용법 3판,장유나,위키북스,2007,90,프로그래밍,3.9,Y
LIB-00417,데이터 분석 프로젝트 7판,조유진,위키북스,2020,36,인문,4.4,Y
LIB-00418,통계학 핵심 정리 7판,오현우,위키북스,2024,2,과학,5.0,N
LIB-00419,운영체제 기초부터 응용까지 4판,조유진,생능출판,2004,95,사회,3.2,Y
LIB-00420,건축 프로젝트 8판,임채원,위키북스,2020,77,경제/경영,2.2,N
LIB-00421,문학 기초부터 응용까지 3판,윤서준,생능출판,2018,98,과학,4.4,Y
LIB-00422,머신러닝 완벽 활용법 2판,조유진,북스홀릭,2019,20,경제/경영,2.2,Y
LIB-00423,통계학 실전 가이드 7판,김민준,인사이트,2016,12,컴퓨터/IT,3.9,Y
LIB-00424,심리학 입문 5판,임채원,인사이트,2018,22,인문,2.8,Y
LIB-00425,역사 기초부터 응용까지 6판,홍지호,길벗,2022,24,경제/경영,4.8,Y
LIB-00426,네트워크 프로젝트 6판,윤서준,영진닷컴,2024,0,과학,4.9,Y
LIB-00427,건축 문제 해결 4판,오현우,길벗,2021,9,경제/경영,3.8,N
LIB-00428,경제학 응용과 사례 2판,오현우,북스홀릭,2015,90,사회,3.5,Y
LIB-00429,교육학 실전 가이드 4판,신태양,위키북스,2010,44,경제/경영,2.9,Y
LIB-00430,딥러닝 완벽 활용법 3판,윤서준,정보문화사,2012,56,과학,4.0,Y
LIB-00431,수학 문제 해결 4판,강수빈,인사이트,2000,54,컴퓨터/IT,2.7,N
LIB-00432,자료구조 문제 해결 1판,장유나,위키북스,2000,43,경제/경영,3.7,Y
LIB-00433,수학 핵심 정리 6판,서하린,인사이트,2011,58,과학,3.6,Y
LIB-00434,데이터 분석 완벽 활용법 6판,김민준,위키북스,2001,5,교육,4.1,Y
LIB-00435,소프트웨어 공학 기초부터 응용까지 3판,정도윤,한빛미디어,2009,57,경제/경영,2.4,Y
LIB-00436,빅데이터 핸드북 3판,한지민,제이펍,2013,94,과학,4.5,Y
LIB-00437,자료구조 입문 1판,강수빈,한빛미디어,2014,100,과학,2.0,N
LIB-00438,자료구조 문제 해결 7판,정도윤,한빛미디어,2000,85,인문,3.5,Y
LIB-00439,알고리즘 첫걸음 8판,오현우,위키북스,2005,76,과학,4.1,Y
LIB-00440,소프트웨어 공학 프로젝트 9판,조유진,정보문화사,2000,12,경제/경영,4.7,Y
LIB-00441,생물학 핸드북 5판,강수빈,정보문화사,2025,1,컴퓨터/IT,4.0,N
LIB-00442,과학 핸드북 8판,박지훈,정보문화사,2025,85,인문,4.8,Y
LIB-00443,경영학 프로젝트 5판,서하린,북스홀릭,2007,77,교육,5.0,N
LIB-00444,역사 핵심 정리 1판,오현우,북스홀릭,2026,9,경제/경영,2.5,Y
LIB-00445,빅데이터 입문 4판,홍지호,에이콘출판,2018,95,과학,2.6,N
LIB-00446,딥러닝 기초부터 응용까지 6판,정도윤,위키북스,2003,64,컴퓨터/IT,2.7,Y
LIB-00447,정보보안 문제 해결 8판,정도윤,생능출판,2009,90,경제/경영,3.4,Y
LIB-00448,Python 데이터 분석 응용과 사례 2판,배민서,북스홀릭,2004,86,프로그래밍,3.2,N
LIB-00449,파이썬과 통계 입문 3판,장유나,한빛미디어,2020,85,프로그래밍,3.3,N
LIB-00450,파이썬 자연어 처리 기초부터 응용까지 4판,장유나,에이콘출판,2022,39,프로그래밍,3.8,N
LIB-00451,디자인 프로젝트 2판,김민준,생능출판,2017,39,경제/경영,4.5,Y
LIB-00452,생물학 응용과 사례 2판,이서연,영진닷컴,2021,11,사회,2.2,Y
LIB-00453,딥러닝 문제 해결 5판,이서연,인사이트,2012,34,사회,4.4,N
LIB-00454,컴퓨터 비전 핸드북 3판,정도윤,한빛미디어,2017,63,인문,4.5,N
LIB-00455,빅데이터 완벽 활용법 7판,신태양,제이펍,2007,79,사회,2.3,N
LIB-00456,자연어 처리 핵심 정리 9판,강수빈,생능출판,2014,50,컴퓨터/IT,4.6,Y
LIB-00457,도서관 자료 관리 실무 22판,박지훈,정보문화사,2021,89,사회,3.8,N
LIB-00458,python 데이터 시각화 핸드북 3판,임채원,길벗,2012,35,프로그래밍,2.2,N
LIB-00459,컴퓨터 비전 핸드북 8판,오현우,생능출판,2021,78,경제/경영,3.4,Y
LIB-00460,알고리즘 기초부터 응용까지 5판,홍지호,에이콘출판,2012,78,경제/경영,5.0,Y
LIB-00461,디지털 리터러시 입문 5판,최하은,에이콘출판,2004,77,과학,2.1,Y
LIB-00462,데이터베이스 핵심 정리 7판,이서연,북스홀릭,2015,19,경제/경영,2.4,N
LIB-00463,경제학 기초부터 응용까지 7판,오현우,한빛미디어,2005,54,사회,3.8,Y
LIB-00464,디자인 첫걸음 4판,신태양,위키북스,2023,33,과학,3.2,Y
LIB-00465,교육학 프로젝트 8판,조유진,정보문화사,2016,90,컴퓨터/IT,3.1,Y
LIB-00466,네트워크 완벽 활용법 7판,홍지호,에이콘출판,2023,27,경제/경영,3.9,N
LIB-00467,네트워크 문제 해결 9판,신태양,정보문화사,2014,34,과학,3.9,Y
LIB-00468,인공지능 핸드북 2판,이서연,인사이트,2000,32,교육,3.0,Y
LIB-00469,머신러닝 문제 해결 3판,정도윤,생능출판,2012,49,인문,2.9,Y
LIB-00470,클라우드 입문 9판,신태양,북스홀릭,2015,69,교육,5.0,Y
LIB-00471,머신러닝 프로젝트 1판,이서연,제이펍,2017,38,사회,4.6,N
LIB-00472,수학 응용과 사례 6판,장유나,생능출판,2018,81,교육,3.3,Y
LIB-00473,과학 실전 가이드 6판,배민서,인사이트,2001,9,인문,2.3,Y
LIB-00474,클라우드 실전 가이드 1판,장유나,정보문화사,2001,78,과학,4.3,Y
LIB-00475,통계학 입문 7판,오현우,정보문화사,2013,52,경제/경영,3.9,Y
LIB-00476,Do it! 점프 투 파이썬 프로젝트 5판,최하은,생능출판,2012,44,프로그래밍,2.4,N
LIB-00477,경영학 첫걸음 2판,김민준,영진닷컴,2020,28,경제/경영,4.1,Y
LIB-00478,Do it! 점프 투 파이썬 입문 5판,김민준,길벗,2011,94,프로그래밍,4.9,N
LIB-00479,교육학 프로젝트 2판,김민준,생능출판,2019,8,사회,3.5,Y
LIB-00480,교육학 입문 2판,박지훈,위키북스,2004,50,사회,4.9,Y
LIB-00481,PYTHON 자동화 실습 문제 해결 5판,서하린,북스홀릭,2019,86,프로그래밍,4.4,Y
LIB-00482,정보보안 응용과 사례 9판,서하린,정보문화사,2014,7,컴퓨터/IT,4.0,Y
LIB-00483,파이썬과 통계 프로젝트 2판,조유진,위키북스,2003,49,프로그래밍,4.4,N
LIB-00484,운영체제 응용과 사례 1판,강수빈,에이콘출판,2024,58,경제/경영,2.2,Y
LIB-00485,Deep Learning with Python 응용과 사례 1판,홍지호,영진닷컴,2018,21,프로그래밍,3.3,Y
LIB-00486,딥러닝 입문 2판,김민준,위키북스,2003,96,경제/경영,2.3,N
LIB-00487,Do it! 점프 투 파이썬 핸드북 1판,강수빈,길벗,2006,90,프로그래밍,2.4,Y
LIB-00488,과학 완벽 활용법 2판,신태양,북스홀릭,2005,25,교육,3.2,N
LIB-00489,운영체제 프로젝트 6판,서하린,생능출판,2002,28,사회,4.6,Y
LIB-00490,파이썬과 통계,신태양,에이콘출판,2006,55,프로그래밍,3.8,Y
LIB-00491,파이썬 머신러닝 완벽 가이드 입문 2판,박지훈,인사이트,2004,95,프로그래밍,4.0,Y
LIB-00492,교육학 핸드북 7판,조유진,생능출판,2023,4,인문,2.5,N
LIB-00493,데이터베이스 핸드북 9판,김민준,에이콘출판,2009,78,컴퓨터/IT,2.6,N
LIB-00494,Python 데이터 분석 입문 5판,배민서,정보문화사,2018,74,프로그래밍,3.1,N
LIB-00495,소프트웨어 공학 핵심 정리 7판,박지훈,북스홀릭,2024,39,경제/경영,2.1,N
LIB-00496,Deep Learning with Python 응용과 사례 4판,박지훈,영진닷컴,2007,99,프로그래밍,4.3,Y
LIB-00497,건축 완벽 활용법 9판,한지민,영진닷컴,2013,59,사회,4.1,Y
LIB-00498,심리학 문제 해결 9판,배민서,생능출판,2017,27,사회,2.1,N
LIB-00499,운영체제 프로젝트 9판,강수빈,한빛미디어,2026,100,경제/경영,3.9,Y
LIB-00500,빅데이터 핵심 정리 5판,임채원,한빛미디어,2004,28,컴퓨터/IT,4.5,Y
LIB-00501,역사 완벽 활용법 4판,최하은,정보문화사,2018,67,사회,4.3,Y
LIB-00502,PYTHON 자동화 실습 응용과 사례 4판,강수빈,인사이트,2006,57,프로그래밍,4.8,Y
LIB-00503,네트워크 핸드북 9판,배민서,인사이트,2005,81,사회,3.5,Y
LIB-00504,디자인 첫걸음 9판,오현우,인사이트,2006,6,인문,3.2,Y
LIB-00505,머신러닝 응용과 사례 5판,한지민,정보문화사,2000,46,사회,2.5,Y
LIB-00506,클라우드 첫걸음 8판,장유나,영진닷컴,2024,93,인문,4.8,Y
LIB-00507,생물학 실전 가이드 7판,오현우,길벗,2018,82,과학,3.9,Y
LIB-00508,과학 문제 해결 3판,홍지호,위키북스,2006,84,교육,3.1,Y
LIB-00509,PYTHON 자동화 실습 문제 해결 2판,서하린,제이펍,2020,42,프로그래밍,2.3,Y
LIB-00510,머신러닝 핵심 정리 3판,윤서준,길벗,2018,67,인문,2.9,Y
LIB-00511,생물학 핸드북 1판,임채원,에이콘출판,2000,77,교육,3.0,Y
LIB-00512,딥러닝 프로젝트 3판,신태양,정보문화사,2018,3,교육,3.3,Y
LIB-00513,파이썬 웹 개발 첫걸음 4판,장유나,길벗,2015,41,프로그래밍,4.0,Y
LIB-00514,인공지능 입문 6판,배민서,길벗,2003,74,사회,3.4,Y
LIB-00515,정보보안 응용과 사례 9판,강수빈,길벗,2026,28,과학,2.4,Y
LIB-00516,수학 프로젝트 5판,정도윤,인사이트,2020,74,사회,3.4,Y
LIB-00517,역사 핸드북 7판,윤서준,생능출판,2008,54,사회,4.7,Y
LIB-00518,운영체제 완벽 활용법 8판,윤서준,정보문화사,2012,55,교육,3.4,Y
LIB-00519,Python API 개발 핵심 정리 1판,이서연,영진닷컴,2010,70,프로그래밍,4.2,Y
LIB-00520,역사 핵심 정리 1판,정도윤,북스홀릭,2017,79,과학,3.2,Y
LIB-00521,python 데이터 시각화 프로젝트 5판,이서연,북스홀릭,2003,44,프로그래밍,2.5,N
LIB-00522,알고리즘 핵심 정리 6판,박지훈,제이펍,2009,24,컴퓨터/IT,2.1,Y
LIB-00523,머신러닝 응용과 사례 7판,홍지호,위키북스,2015,29,과학,4.0,Y
LIB-00524,경제학 응용과 사례 3판,정도윤,인사이트,2024,7,사회,2.1,Y
LIB-00525,클라우드 입문 6판,이서연,길벗,2011,61,컴퓨터/IT,3.7,Y
LIB-00526,자연어 처리 기초부터 응용까지 2판,이서연,인사이트,2017,100,사회,2.4,Y
LIB-00527,건축 입문 9판,오현우,북스홀릭,2012,42,사회,3.7,N
LIB-00528,Do it! 점프 투 파이썬 응용과 사례 4판,정도윤,북스홀릭,2002,26,프로그래밍,4.1,Y
LIB-00529,Deep Learning with Python 핵심 정리 3판,정도윤,인사이트,2005,55,프로그래밍,4.5,Y
LIB-00530,역사 첫걸음 2판,윤서준,인사이트,2015,90,과학,4.2,N
LIB-00531,Python 데이터 분석 실전 가이드 4판,정도윤,북스홀릭,2024,4,프로그래밍,4.2,N
LIB-00532,수학 입문 7판,신태양,위키북스,2019,75,경제/경영,4.9,Y
LIB-00533,자료구조 응용과 사례 2판,윤서준,정보문화사,2000,71,인문,2.6,Y
LIB-00534,알고리즘 응용과 사례 6판,장유나,한빛미디어,2021,72,사회,3.0,N
LIB-00535,인공지능 첫걸음 5판,한지민,위키북스,2013,38,경제/경영,3.1,Y
LIB-00536,문학 기초부터 응용까지 2판,신태양,길벗,2020,53,인문,3.0,Y
LIB-00537,정보보안 실전 가이드 7판,오현우,한빛미디어,2015,72,인문,4.0,Y
LIB-00538,Python으로 배우는 자료구조 문제 해결 5판,홍지호,제이펍,2017,28,프로그래밍,4.3,Y
LIB-00539,자료구조 기초부터 응용까지 4판,신태양,제이펍,2026,98,교육,2.5,Y
LIB-00540,정보보안 핵심 정리 5판,장유나,위키북스,2016,47,경제/경영,5.0,Y
LIB-00541,인공지능 문제 해결 6판,장유나,에이콘출판,2017,40,과학,2.5,Y
LIB-00542,정보보안 프로젝트 2판,오현우,위키북스,2022,13,교육,2.3,Y
LIB-00543,운영체제 프로젝트 9판,장유나,북스홀릭,2005,82,컴퓨터/IT,4.1,N
LIB-00544,자연어 처리 응용과 사례 6판,장유나,위키북스,2021,53,인문,3.4,Y
LIB-00545,디지털 리터러시 문제 해결 3판,김민준,위키북스,2007,64,과학,4.3,N
LIB-00546,혼자 공부하는 파이썬 첫걸음 5판,임채원,영진닷컴,2019,27,프로그래밍,4.9,Y
LIB-00547,과학 입문 6판,강수빈,에이콘출판,2005,4,사회,2.6,Y
LIB-00548,Do it! 점프 투 파이썬 프로젝트 4판,김민준,한빛미디어,2007,37,프로그래밍,2.5,Y
LIB-00549,파이썬 웹 개발 문제 해결 1판,장유나,북스홀릭,2016,8,프로그래밍,4.5,Y
LIB-00550,인공지능 기초부터 응용까지 9판,신태양,길벗,2007,45,교육,4.4,Y
LIB-00551,python 데이터 시각화 기초부터 응용까지 1판,장유나,제이펍,2014,68,프로그래밍,3.5,Y
LIB-00552,과학 입문 8판,박지훈,인사이트,2014,29,과학,4.2,Y
LIB-00553,심리학 핸드북 7판,임채원,에이콘출판,2023,34,컴퓨터/IT,4.6,Y
LIB-00554,Python 데이터 분석 프로젝트 1판,박지훈,영진닷컴,2015,85,프로그래밍,2.6,Y
LIB-00555,네트워크 핵심 정리 6판,배민서,북스홀릭,2002,13,사회,2.6,N
LIB-00556,생물학 프로젝트 7판,오현우,영진닷컴,2002,38,사회,4.3,Y
LIB-00557,컴퓨터 비전 문제 해결 4판,한지민,길벗,2021,60,교육,4.2,N
LIB-00558,디지털 리터러시 입문 2판,강수빈,생능출판,2000,57,사회,4.5,Y
LIB-00559,소프트웨어 공학 첫걸음 2판,홍지호,정보문화사,2005,89,컴퓨터/IT,3.1,N
LIB-00560,과학 입문 7판,장유나,에이콘출판,2000,38,과학,4.4,N
LIB-00561,건축 문제 해결 2판,오현우,영진닷컴,2012,81,과학,5.0,Y
LIB-00562,Python 데이터 분석 핸드북 5판,신태양,한빛미디어,2004,19,프로그래밍,4.6,Y
LIB-00563,경제학 실전 가이드 6판,김민준,인사이트,2008,73,인문,2.0,Y
LIB-00564,인공지능 응용과 사례 7판,정도윤,생능출판,2006,7,사회,3.2,Y
LIB-00565,웹 개발 첫걸음 3판,오현우,제이펍,2015,62,컴퓨터/IT,3.1,Y
LIB-00566,네트워크 완벽 활용법 9판,홍지호,한빛미디어,2025,63,컴퓨터/IT,3.9,Y
LIB-00567,수학 문제 해결 4판,강수빈,북스홀릭,2014,68,사회,4.1,N
LIB-00568,딥러닝 기초부터 응용까지 9판,배민서,길벗,2024,61,교육,3.0,N
LIB-00569,Python 데이터 분석 첫걸음 2판,신태양,제이펍,2004,86,프로그래밍,5.0,Y
LIB-00570,문학 기초부터 응용까지 1판,이서연,길벗,2007,6,과학,3.3,N
LIB-00571,소프트웨어 공학 핵심 정리 6판,장유나,생능출판,2026,2,컴퓨터/IT,2.8,Y
LIB-00572,딥러닝 문제 해결 5판,최하은,한빛미디어,2023,67,컴퓨터/IT,2.9,N
LIB-00573,심리학 핸드북 7판,박지훈,인사이트,2005,85,사회,3.5,Y
LIB-00574,건축 핵심 정리 2판,장유나,생능출판,2023,28,컴퓨터/IT,4.4,Y
LIB-00575,문학 입문 9판,한지민,영진닷컴,2017,46,사회,2.8,Y
LIB-00576,운영체제 응용과 사례 7판,신태양,정보문화사,2002,74,과학,3.7,Y
LIB-00577,통계학 첫걸음 1판,강수빈,생능출판,2018,80,경제/경영,3.7,Y
LIB-00578,Python으로 배우는 자료구조 응용과 사례 2판,임채원,인사이트,2006,24,프로그래밍,2.5,N
LIB-00579,Python 데이터 분석 핸드북 2판,장유나,생능출판,2025,17,프로그래밍,2.4,Y
LIB-00580,문학 핵심 정리 6판,신태양,제이펍,2004,27,경제/경영,4.5,N
LIB-00581,생물학 응용과 사례 9판,조유진,생능출판,2020,66,경제/경영,3.4,Y
LIB-00582,딥러닝 응용과 사례 1판,신태양,위키북스,2008,88,교육,4.0,Y
LIB-00583,웹 개발 첫걸음 8판,윤서준,위키북스,2023,93,경제/경영,4.4,N
LIB-00584,정보보안 핸드북 3판,서하린,인사이트,2004,37,인문,2.2,N
LIB-00585,데이터베이스 응용과 사례 7판,한지민,영진닷컴,2001,60,경제/경영,3.9,N
LIB-00586,클라우드 응용과 사례 9판,오현우,위키북스,2007,53,사회,2.3,Y
LIB-00587,디지털 리터러시 핸드북 5판,조유진,생능출판,2025,17,사회,3.6,N
LIB-00588,심리학 첫걸음 7판,윤서준,에이콘출판,2025,53,인문,3.5,Y
LIB-00589,인공지능 프로젝트 9판,장유나,길벗,2019,13,교육,2.6,Y
LIB-00590,Python 데이터 분석 기초부터 응용까지 5판,임채원,북스홀릭,2015,23,프로그래밍,2.2,N
LIB-00591,알고리즘 실전 가이드 1판,최하은,제이펍,2011,37,컴퓨터/IT,4.3,Y
LIB-00592,경영학 실전 가이드 5판,오현우,한빛미디어,2023,85,과학,4.5,Y
LIB-00593,데이터베이스 문제 해결 7판,오현우,에이콘출판,2010,73,인문,4.9,Y
LIB-00594,혼자 공부하는 파이썬 핵심 정리 2판,서하린,인사이트,2021,86,프로그래밍,2.8,N
LIB-00595,알고리즘 입문 8판,정도윤,정보문화사,2006,32,교육,2.1,Y
LIB-00596,자연어 처리 프로젝트 5판,이서연,영진닷컴,2015,49,사회,3.0,Y
LIB-00597,클라우드 프로젝트 2판,김민준,제이펍,2000,80,과학,3.8,Y
LIB-00598,네트워크 완벽 활용법 3판,조유진,생능출판,2010,67,교육,4.7,N
LIB-00599,심리학 핸드북 1판,배민서,한빛미디어,2021,86,컴퓨터/IT,2.1,Y
LIB-00600,정보보안 실전 가이드 7판,신태양,영진닷컴,2025,16,경제/경영,3.8,Y
LIB-00601,자료구조 응용과 사례 2판,조유진,인사이트,2023,23,교육,2.3,Y
LIB-00602,경제학 프로젝트 1판,조유진,정보문화사,2026,70,교육,4.1,N
LIB-00603,건축 실전 가이드 8판,한지민,정보문화사,2007,85,과학,3.6,Y
LIB-00604,문학 핵심 정리 9판,이서연,영진닷컴,2026,24,인문,4.1,Y
LIB-00605,정보보안 핸드북 7판,최하은,영진닷컴,2007,31,교육,3.6,N
LIB-00606,파이썬 웹 개발 기초부터 응용까지 4판,최하은,북스홀릭,2020,3,프로그래밍,4.1,Y
LIB-00607,자료구조 프로젝트 8판,윤서준,제이펍,2007,46,교육,4.1,N
LIB-00608,통계학 입문 3판,오현우,정보문화사,2011,96,컴퓨터/IT,3.7,N
LIB-00609,운영체제 첫걸음 4판,한지민,한빛미디어,2022,60,컴퓨터/IT,5.0,Y
LIB-00610,클라우드 실전 가이드 3판,김민준,인사이트,2007,61,인문,3.6,Y
LIB-00611,정보보안 핸드북 2판,조유진,에이콘출판,2016,57,컴퓨터/IT,4.1,Y
LIB-00612,통계학 핸드북 8판,서하린,생능출판,2011,19,경제/경영,3.7,Y
LIB-00613,네트워크 입문 7판,한지민,영진닷컴,2006,31,경제/경영,4.3,Y
LIB-00614,통계학 실전 가이드 3판,신태양,한빛미디어,2002,35,인문,4.4,Y
LIB-00615,생물학 응용과 사례 1판,장유나,생능출판,2012,93,컴퓨터/IT,4.7,N
LIB-00616,생물학 완벽 활용법 5판,오현우,위키북스,2001,24,교육,3.9,N
LIB-00617,혼자 공부하는 파이썬 응용과 사례 4판,강수빈,정보문화사,2017,13,프로그래밍,3.1,Y
LIB-00618,혼자 공부하는 파이썬 응용과 사례 2판,오현우,영진닷컴,2006,66,프로그래밍,3.5,Y
LIB-00619,교육학 프로젝트 6판,김민준,위키북스,2002,73,컴퓨터/IT,2.9,Y
LIB-00620,파이썬과 통계 첫걸음 5판,장유나,인사이트,2003,95,프로그래밍,4.0,Y
LIB-00621,교육학 기초부터 응용까지 5판,윤서준,에이콘출판,2022,57,인문,4.4,N
LIB-00622,클라우드 첫걸음 4판,윤서준,영진닷컴,2001,33,컴퓨터/IT,2.6,Y
LIB-00623,경영학 문제 해결 7판,오현우,길벗,2009,17,컴퓨터/IT,3.3,Y
LIB-00624,건축 첫걸음 6판,조유진,한빛미디어,2016,23,인문,4.7,N
LIB-00625,소프트웨어 공학 문제 해결 6판,신태양,에이콘출판,2025,41,인문,4.7,Y
LIB-00626,클라우드 프로젝트 9판,신태양,생능출판,2013,68,교육,4.8,Y
LIB-00627,머신러닝 문제 해결 3판,오현우,북스홀릭,2021,52,사회,2.6,Y
LIB-00628,python 데이터 시각화 완벽 활용법 3판,홍지호,한빛미디어,2016,100,프로그래밍,4.6,Y
LIB-00629,Do it! 점프 투 파이썬 핵심 정리 2판,홍지호,정보문화사,2010,53,프로그래밍,2.5,N
LIB-00630,자료구조 프로젝트 4판,오현우,위키북스,2000,81,교육,2.1,Y
LIB-00631,과학 프로젝트 6판,조유진,영진닷컴,2004,23,사회,4.0,Y
LIB-00632,딥러닝 핸드북 9판,조유진,생능출판,2018,100,사회,4.6,Y
LIB-00633,건축 핸드북 2판,한지민,생능출판,2004,21,경제/경영,2.6,Y
LIB-00634,운영체제 문제 해결 8판,홍지호,제이펍,2019,18,인문,4.6,Y
LIB-00635,통계학 입문 1판,오현우,생능출판,2021,80,컴퓨터/IT,5.0,Y
LIB-00636,역사 첫걸음 8판,강수빈,북스홀릭,2016,6,교육,2.0,N
LIB-00637,철학 핸드북 9판,김민준,위키북스,2024,47,과학,3.5,Y
LIB-00638,경영학 첫걸음 6판,서하린,한빛미디어,2026,64,사회,2.3,Y
LIB-00639,문학 실전 가이드 3판,김민준,제이펍,2019,24,컴퓨터/IT,3.5,N
LIB-00640,파이썬 자연어 처리 핸드북 2판,배민서,영진닷컴,2017,50,프로그래밍,2.4,N
LIB-00641,심리학 응용과 사례 6판,정도윤,위키북스,2021,1,인문,4.8,N
LIB-00642,빅데이터 실전 가이드 2판,조유진,에이콘출판,2005,100,교육,5.0,Y
LIB-00643,파이썬 자연어 처리 기초부터 응용까지 4판,정도윤,제이펍,2023,84,프로그래밍,2.7,Y
LIB-00644,디자인 프로젝트 3판,신태양,위키북스,2000,56,인문,3.8,Y
LIB-00645,교육학 핸드북 6판,이서연,한빛미디어,2019,48,과학,4.2,Y
LIB-00646,과학 실전 가이드 1판,이서연,위키북스,2020,36,인문,4.8,Y
LIB-00647,데이터 분석 완벽 활용법 6판,윤서준,인사이트,2009,48,컴퓨터/IT,4.9,Y
LIB-00648,수학 기초부터 응용까지 9판,홍지호,에이콘출판,2007,31,인문,4.5,Y
LIB-00649,Python으로 배우는 자료구조 기초부터 응용까지 2판,이서연,길벗,2025,61,프로그래밍,3.9,Y
LIB-00650,심리학 첫걸음 8판,배민서,길벗,2007,37,사회,2.1,Y
LIB-00651,데이터 분석 문제 해결 2판,윤서준,한빛미디어,2025,51,교육,4.5,Y
LIB-00652,생물학 완벽 활용법 5판,최하은,북스홀릭,2015,45,교육,2.3,Y
LIB-00653,Python for Beginners 프로젝트 3판,강수빈,길벗,2017,80,프로그래밍,3.3,Y
LIB-00654,알고리즘 응용과 사례 5판,강수빈,정보문화사,2020,19,교육,3.8,N
LIB-00655,딥러닝 실전 가이드 6판,정도윤,제이펍,2024,95,교육,4.5,Y
LIB-00656,디자인 응용과 사례 3판,이서연,영진닷컴,2012,26,경제/경영,3.5,Y
LIB-00657,딥러닝 핵심 정리 3판,조유진,위키북스,2008,21,경제/경영,3.5,Y
LIB-00658,파이썬 웹 개발 응용과 사례 3판,한지민,인사이트,2000,45,프로그래밍,4.5,N
LIB-00659,네트워크 핵심 정리 6판,서하린,에이콘출판,2021,12,교육,2.9,Y
LIB-00660,문학 완벽 활용법 6판,홍지호,제이펍,2001,35,과학,3.4,N
LIB-00661,정보보안 기초부터 응용까지 1판,윤서준,에이콘출판,2025,50,경제/경영,2.5,Y
LIB-00662,수학 프로젝트 5판,장유나,제이펍,2011,91,컴퓨터/IT,4.2,N
LIB-00663,과학 입문 9판,오현우,정보문화사,2025,33,인문,2.3,Y
LIB-00664,정보보안 기초부터 응용까지 5판,이서연,위키북스,2021,92,인문,3.8,N
LIB-00665,생물학 실전 가이드 3판,서하린,북스홀릭,2009,72,교육,3.6,Y
LIB-00666,Python API 개발 기초부터 응용까지 5판,최하은,북스홀릭,2007,28,프로그래밍,3.6,Y
LIB-00667,Do it! 점프 투 파이썬 프로젝트 2판,신태양,생능출판,2021,19,프로그래밍,4.8,Y
LIB-00668,네트워크 핸드북 7판,강수빈,생능출판,2024,38,컴퓨터/IT,3.5,N
LIB-00669,Deep Learning with Python 문제 해결 1판,홍지호,정보문화사,2025,9,프로그래밍,3.6,N
LIB-00670,파이썬 머신러닝 완벽 가이드 완벽 활용법 4판,김민준,제이펍,2012,46,프로그래밍,4.2,Y
LIB-00671,교육학 문제 해결 8판,장유나,길벗,2026,25,사회,2.0,Y
LIB-00672,Deep Learning with Python 핸드북 5판,최하은,영진닷컴,2025,73,프로그래밍,2.3,Y
LIB-00673,경영학 핵심 정리 8판,오현우,생능출판,2001,21,경제/경영,3.1,Y
LIB-00674,생물학 입문 6판,서하린,에이콘출판,2025,77,과학,4.9,Y
LIB-00675,철학 문제 해결 8판,신태양,한빛미디어,2016,82,과학,3.2,Y
LIB-00676,문학 프로젝트 8판,오현우,에이콘출판,2022,45,인문,3.1,Y
LIB-00677,생물학 응용과 사례 5판,조유진,생능출판,2015,12,교육,3.8,Y
LIB-00678,건축 기초부터 응용까지 5판,서하린,길벗,2018,1,교육,4.6,Y
LIB-00679,역사 완벽 활용법 3판,한지민,영진닷컴,2014,83,컴퓨터/IT,4.8,N
LIB-00680,경영학 완벽 활용법 4판,서하린,생능출판,2026,5,과학,3.2,Y
LIB-00681,통계학 응용과 사례 6판,박지훈,위키북스,2006,98,컴퓨터/IT,3.9,Y
LIB-00682,자료구조 응용과 사례 1판,서하린,위키북스,2004,45,컴퓨터/IT,3.0,Y
LIB-00683,소프트웨어 공학 문제 해결 1판,김민준,영진닷컴,2003,99,사회,2.2,Y
LIB-00684,파이썬 자연어 처리 응용과 사례 1판,홍지호,제이펍,2013,19,프로그래밍,2.0,Y
LIB-00685,Python for Beginners 문제 해결 2판,배민서,생능출판,2014,89,프로그래밍,3.9,N
LIB-00686,자연어 처리 첫걸음 9판,최하은,에이콘출판,2020,5,인문,2.9,Y
LIB-00687,통계학 핸드북 7판,장유나,인사이트,2014,82,경제/경영,3.9,Y
LIB-00688,데이터 분석 실전 가이드 4판,장유나,영진닷컴,2024,76,경제/경영,2.9,N
LIB-00689,컴퓨터 비전 기초부터 응용까지 8판,홍지호,제이펍,2023,46,인문,2.5,Y
LIB-00690,알고리즘 실전 가이드 3판,신태양,에이콘출판,2021,9,컴퓨터/IT,4.4,Y
LIB-00691,심리학 완벽 활용법 6판,조유진,한빛미디어,2013,20,인문,2.2,N
LIB-00692,문학 실전 가이드 4판,배민서,길벗,2021,22,과학,4.6,Y
LIB-00693,소프트웨어 공학 응용과 사례 5판,조유진,인사이트,2013,89,컴퓨터/IT,3.0,Y
LIB-00694,운영체제 기초부터 응용까지 6판,홍지호,영진닷컴,2023,48,과학,2.3,Y
LIB-00695,통계학 프로젝트 7판,최하은,길벗,2021,67,교육,4.2,Y
LIB-00696,딥러닝 프로젝트 5판,장유나,북스홀릭,2020,2,과학,2.4,Y
LIB-00697,디지털 리터러시 완벽 활용법 9판,신태양,인사이트,2023,71,경제/경영,3.7,Y
LIB-00698,컴퓨터 비전 기초부터 응용까지 1판,조유진,한빛미디어,2003,82,경제/경영,4.2,Y
LIB-00699,과학 입문 9판,서하린,인사이트,2011,67,교육,3.5,Y
LIB-00700,운영체제 기초부터 응용까지 2판,이서연,제이펍,2007,34,사회,3.4,Y
LIB-00701,Python for Beginners 프로젝트 2판,서하린,북스홀릭,2009,85,프로그래밍,4.3,N
LIB-00702,심리학 핸드북 2판,조유진,위키북스,2004,38,경제/경영,4.0,N
LIB-00703,데이터 분석 핵심 정리 9판,박지훈,에이콘출판,2002,71,교육,4.0,Y
LIB-00704,python 데이터 시각화 프로젝트 5판,장유나,길벗,2001,41,프로그래밍,4.8,Y
LIB-00705,심리학 실전 가이드 3판,서하린,위키북스,2016,57,과학,4.9,Y
LIB-00706,문학 핸드북 9판,한지민,위키북스,2001,70,과학,2.8,Y
LIB-00707,알고리즘 입문 5판,강수빈,북스홀릭,2012,66,과학,4.1,N
LIB-00708,경제학 응용과 사례 1판,오현우,인사이트,2016,69,교육,4.9,Y
LIB-00709,자연어 처리 문제 해결 2판,박지훈,제이펍,2022,93,교육,2.7,N
LIB-00710,자연어 처리 문제 해결 9판,한지민,한빛미디어,2009,92,인문,4.9,Y
LIB-00711,인공지능 프로젝트 6판,이서연,생능출판,2023,17,경제/경영,3.9,Y
LIB-00712,Python API 개발 프로젝트 5판,최하은,길벗,2012,40,프로그래밍,4.3,Y
LIB-00713,자연어 처리 프로젝트 8판,최하은,북스홀릭,2011,97,과학,4.3,N
LIB-00714,자료구조 프로젝트 8판,조유진,길벗,2020,65,인문,3.6,Y
LIB-00715,Python으로 배우는 자료구조 문제 해결 4판,김민준,북스홀릭,2017,22,프로그래밍,2.3,Y
LIB-00716,컴퓨터 비전 실전 가이드 3판,신태양,정보문화사,2003,32,사회,2.8,Y
LIB-00717,머신러닝 응용과 사례 6판,한지민,에이콘출판,2007,27,교육,4.2,Y
LIB-00718,디지털 리터러시 핸드북 9판,윤서준,한빛미디어,2005,22,경제/경영,2.9,N
LIB-00719,머신러닝 응용과 사례 4판,배민서,위키북스,2002,91,교육,3.3,Y
LIB-00720,인공지능 완벽 활용법 6판,신태양,영진닷컴,2007,42,경제/경영,3.3,N
LIB-00721,데이터베이스 입문 2판,배민서,위키북스,2002,49,인문,3.4,N
LIB-00722,심리학 문제 해결 9판,장유나,위키북스,2019,16,컴퓨터/IT,3.8,Y
LIB-00723,파이썬 머신러닝 완벽 가이드 실전 가이드 2판,이서연,인사이트,2022,45,프로그래밍,4.2,Y
LIB-00724,심리학 입문 9판,조유진,정보문화사,2011,90,경제/경영,2.7,Y
LIB-00725,알고리즘 핵심 정리 7판,김민준,정보문화사,2006,21,교육,2.5,Y
LIB-00726,혼자 공부하는 파이썬 첫걸음 4판,오현우,인사이트,2006,100,프로그래밍,4.1,Y
LIB-00727,웹 개발 완벽 활용법 7판,홍지호,정보문화사,2014,63,컴퓨터/IT,4.7,Y
LIB-00728,머신러닝 프로젝트 7판,정도윤,위키북스,2016,37,교육,2.8,Y
LIB-00729,Deep Learning with Python 응용과 사례 3판,강수빈,북스홀릭,2009,10,프로그래밍,4.2,Y
LIB-00730,컴퓨터 비전 완벽 활용법 7판,서하린,에이콘출판,2009,80,교육,2.7,Y
LIB-00731,빅데이터 핵심 정리 9판,신태양,한빛미디어,2007,66,사회,2.0,N
LIB-00732,디지털 리터러시 응용과 사례 3판,신태양,에이콘출판,2012,69,교육,2.8,Y
LIB-00733,심리학 첫걸음 2판,강수빈,북스홀릭,2002,59,교육,3.3,Y
LIB-00734,건축 기초부터 응용까지 6판,박지훈,한빛미디어,2010,12,사회,4.7,N
LIB-00735,자료구조 핸드북 7판,윤서준,생능출판,2007,5,과학,2.7,Y
LIB-00736,딥러닝 입문 4판,박지훈,영진닷컴,2003,40,경제/경영,3.2,Y
LIB-00737,컴퓨터 비전 문제 해결 6판,이서연,정보문화사,2017,97,컴퓨터/IT,4.0,N
LIB-00738,혼자 공부하는 파이썬 완벽 활용법 5판,서하린,정보문화사,2009,87,프로그래밍,3.7,Y
LIB-00739,교육학 실전 가이드 9판,오현우,제이펍,2010,26,과학,4.9,Y
LIB-00740,과학 완벽 활용법 2판,홍지호,위키북스,2003,41,사회,3.6,Y
LIB-00741,알고리즘 실전 가이드 3판,배민서,영진닷컴,2006,81,컴퓨터/IT,3.5,Y
LIB-00742,PYTHON 자동화 실습 핸드북 5판,홍지호,길벗,2026,63,프로그래밍,3.1,N
LIB-00743,웹 개발 프로젝트 1판,임채원,인사이트,2002,38,사회,3.8,Y
LIB-00744,알고리즘 핵심 정리 8판,오현우,길벗,2014,79,컴퓨터/IT,4.1,Y
LIB-00745,소프트웨어 공학 기초부터 응용까지 1판,임채원,제이펍,2020,4,사회,2.9,Y
LIB-00746,Python for Beginners 핵심 정리 1판,홍지호,길벗,2021,0,프로그래밍,4.5,Y
LIB-00747,클라우드 완벽 활용법 3판,임채원,길벗,2019,91,사회,2.9,Y
LIB-00748,파이썬 자연어 처리 기초부터 응용까지 4판,조유진,정보문화사,2003,70,프로그래밍,2.3,N
LIB-00749,데이터 분석 응용과 사례 4판,오현우,북스홀릭,2015,78,인문,3.9,Y
LIB-00750,도서관 자료 관리 실무 27판,윤서준,에이콘출판,2008,14,인문,4.1,Y
LIB-00751,데이터베이스 응용과 사례 7판,홍지호,인사이트,2019,90,컴퓨터/IT,4.1,Y
LIB-00752,클라우드 핵심 정리 3판,윤서준,제이펍,2007,27,컴퓨터/IT,2.0,Y
LIB-00753,생물학 문제 해결 8판,강수빈,인사이트,2026,64,인문,2.3,Y
LIB-00754,역사 기초부터 응용까지 1판,김민준,위키북스,2026,48,과학,2.9,Y
LIB-00755,통계학 입문 3판,이서연,에이콘출판,2026,97,경제/경영,4.8,N
LIB-00756,컴퓨터 비전 문제 해결 4판,서하린,에이콘출판,2004,94,경제/경영,2.5,Y
LIB-00757,자료구조 응용과 사례 5판,김민준,정보문화사,2008,13,사회,2.2,Y
LIB-00758,Deep Learning with Python 프로젝트 2판,장유나,정보문화사,2003,58,프로그래밍,4.9,Y
LIB-00759,운영체제 핸드북 5판,정도윤,영진닷컴,2009,68,교육,3.1,Y
LIB-00760,생물학 문제 해결 3판,최하은,위키북스,2011,40,경제/경영,3.0,Y
LIB-00761,정보보안 핵심 정리 8판,김민준,길벗,2024,46,과학,4.7,Y
LIB-00762,과학 응용과 사례 2판,배민서,인사이트,2000,88,인문,4.0,Y
LIB-00763,역사 문제 해결 9판,서하린,정보문화사,2025,90,인문,4.5,Y
LIB-00764,알고리즘 실전 가이드 1판,오현우,인사이트,2023,94,사회,4.8,Y
LIB-00765,데이터 분석 핵심 정리 7판,임채원,제이펍,2004,19,사회,3.2,Y
LIB-00766,빅데이터 입문 3판,서하린,제이펍,2015,71,교육,2.8,Y
LIB-00767,클라우드 핵심 정리 6판,오현우,정보문화사,2003,49,인문,2.6,Y
LIB-00768,통계학 응용과 사례 9판,신태양,제이펍,2010,70,교육,4.1,N
LIB-00769,인공지능 기초부터 응용까지 8판,강수빈,위키북스,2000,73,사회,2.4,Y
LIB-00770,웹 개발 핸드북 6판,김민준,에이콘출판,2001,31,사회,2.1,N
LIB-00771,파이썬 알고리즘 인터뷰 완벽 활용법 4판,김민준,에이콘출판,2010,16,프로그래밍,4.9,Y
LIB-00772,파이썬 자연어 처리 핵심 정리 4판,강수빈,북스홀릭,2019,57,프로그래밍,3.4,Y
LIB-00773,머신러닝 프로젝트 2판,신태양,위키북스,2026,20,교육,2.3,Y
LIB-00774,문학 실전 가이드 7판,이서연,제이펍,2021,84,사회,3.1,Y
LIB-00775,생물학 핵심 정리 7판,조유진,인사이트,2001,62,교육,4.7,Y
LIB-00776,자연어 처리 실전 가이드 2판,강수빈,길벗,2010,4,과학,3.3,N
LIB-00777,데이터 분석 프로젝트 2판,오현우,영진닷컴,2010,80,컴퓨터/IT,2.1,N
LIB-00778,교육학 입문 6판,서하린,북스홀릭,2018,3,컴퓨터/IT,3.3,Y
LIB-00779,클라우드 완벽 활용법 8판,정도윤,영진닷컴,2000,4,과학,2.9,Y
LIB-00780,정보보안 응용과 사례 7판,서하린,인사이트,2009,94,컴퓨터/IT,4.9,Y
LIB-00781,역사 완벽 활용법 4판,신태양,한빛미디어,2013,34,과학,3.2,Y
LIB-00782,철학 프로젝트 2판,강수빈,에이콘출판,2015,83,과학,3.7,Y
LIB-00783,문학 입문 1판,이서연,제이펍,2010,80,과학,4.6,N
LIB-00784,역사 응용과 사례 8판,최하은,한빛미디어,2005,98,과학,5.0,N
LIB-00785,Python for Beginners 문제 해결 2판,서하린,정보문화사,2016,8,프로그래밍,4.3,Y
LIB-00786,혼자 공부하는 파이썬 문제 해결 1판,윤서준,인사이트,2025,16,프로그래밍,2.6,Y
LIB-00787,클라우드 문제 해결 1판,정도윤,길벗,2001,10,교육,2.3,Y
LIB-00788,딥러닝 핵심 정리 2판,조유진,영진닷컴,2020,18,교육,2.2,Y
LIB-00789,수학 첫걸음 3판,김민준,생능출판,2000,15,컴퓨터/IT,2.4,N
LIB-00790,Python 데이터 분석 핸드북 3판,한지민,영진닷컴,2000,9,프로그래밍,2.6,N
LIB-00791,문학 완벽 활용법 8판,최하은,위키북스,2025,8,과학,4.4,Y
LIB-00792,소프트웨어 공학 완벽 활용법 7판,최하은,에이콘출판,2001,35,사회,3.8,Y
LIB-00793,인공지능 응용과 사례 3판,배민서,길벗,2016,1,인문,2.9,Y
LIB-00794,딥러닝 기초부터 응용까지 2판,오현우,영진닷컴,2007,12,컴퓨터/IT,5.0,Y
LIB-00795,머신러닝 프로젝트 5판,박지훈,제이펍,2007,24,경제/경영,4.2,Y
LIB-00796,PYTHON 자동화 실습 핸드북 1판,조유진,제이펍,2006,48,프로그래밍,2.1,Y
LIB-00797,디지털 리터러시 응용과 사례 8판,박지훈,인사이트,2021,29,사회,2.6,Y
LIB-00798,자연어 처리 프로젝트 8판,이서연,인사이트,2014,26,경제/경영,3.1,Y
LIB-00799,건축 응용과 사례 4판,장유나,제이펍,2023,73,인문,5.0,Y
LIB-00800,데이터 분석 실전 가이드 8판,배민서,북스홀릭,2006,38,컴퓨터/IT,4.2,Y
LIB-00801,운영체제 첫걸음 4판,이서연,제이펍,2005,93,경제/경영,2.1,Y
LIB-00802,심리학 프로젝트 6판,신태양,위키북스,2010,23,과학,2.9,Y
LIB-00803,수학 프로젝트 1판,강수빈,길벗,2023,73,경제/경영,2.6,N
LIB-00804,웹 개발 완벽 활용법 7판,박지훈,길벗,2023,76,교육,2.9,N
LIB-00805,역사 핸드북 7판,박지훈,제이펍,2019,77,경제/경영,3.9,Y
LIB-00806,파이썬 자연어 처리 응용과 사례 1판,오현우,길벗,2007,90,프로그래밍,3.2,Y
LIB-00807,운영체제 응용과 사례 9판,한지민,정보문화사,2015,23,컴퓨터/IT,4.8,Y
LIB-00808,심리학 프로젝트 8판,한지민,제이펍,2017,70,경제/경영,2.3,Y
LIB-00809,생물학 첫걸음 2판,장유나,북스홀릭,2024,34,과학,2.0,Y
LIB-00810,웹 개발 프로젝트 5판,정도윤,인사이트,2021,24,경제/경영,4.6,Y
LIB-00811,운영체제 기초부터 응용까지 4판,최하은,위키북스,2023,95,인문,4.2,N
LIB-00812,클라우드 프로젝트 3판,서하린,에이콘출판,2017,36,경제/경영,4.2,Y
LIB-00813,수학 첫걸음 1판,한지민,길벗,2023,69,교육,2.4,Y
LIB-00814,파이썬 자연어 처리 실전 가이드 3판,신태양,정보문화사,2006,8,프로그래밍,3.4,Y
LIB-00815,수학 기초부터 응용까지 6판,박지훈,위키북스,2004,53,교육,3.6,Y
LIB-00816,네트워크 실전 가이드 1판,배민서,생능출판,2026,71,인문,3.0,N
LIB-00817,머신러닝 입문 2판,강수빈,길벗,2016,32,경제/경영,3.4,Y
LIB-00818,문학 입문 8판,박지훈,인사이트,2009,68,인문,2.4,Y
LIB-00819,클라우드 프로젝트 5판,신태양,생능출판,2025,3,경제/경영,2.4,N
LIB-00820,운영체제 입문 3판,서하린,북스홀릭,2002,52,사회,2.1,Y
LIB-00821,Python 데이터 분석 완벽 활용법 4판,윤서준,인사이트,2025,89,프로그래밍,2.4,Y
LIB-00822,생물학 입문 7판,최하은,인사이트,2007,83,교육,2.0,Y
LIB-00823,통계학 프로젝트 7판,한지민,에이콘출판,2012,61,교육,3.0,N
LIB-00824,경영학 핵심 정리 1판,정도윤,길벗,2021,60,사회,2.9,Y
LIB-00825,자료구조 핵심 정리 8판,장유나,영진닷컴,2025,57,인문,2.4,Y
LIB-00826,과학 프로젝트 2판,한지민,제이펍,2014,88,사회,4.1,N
LIB-00827,인공지능 문제 해결 8판,박지훈,에이콘출판,2013,19,교육,3.5,N
LIB-00828,경제학 핸드북 3판,이서연,에이콘출판,2001,4,컴퓨터/IT,4.9,Y
LIB-00829,네트워크 첫걸음 5판,배민서,위키북스,2016,97,과학,4.8,Y
LIB-00830,빅데이터 핸드북 5판,윤서준,제이펍,2019,65,과학,2.7,N
LIB-00831,파이썬 자연어 처리 프로젝트 3판,장유나,인사이트,2003,20,프로그래밍,3.6,Y
LIB-00832,알고리즘 문제 해결 1판,정도윤,생능출판,2011,37,과학,4.3,Y
LIB-00833,정보보안 핸드북 5판,장유나,북스홀릭,2009,17,사회,2.9,Y
LIB-00834,정보보안 첫걸음 1판,서하린,생능출판,2013,76,인문,3.4,Y
LIB-00835,자연어 처리 기초부터 응용까지 9판,배민서,생능출판,2013,66,경제/경영,2.3,Y
LIB-00836,네트워크 핸드북 2판,정도윤,제이펍,2004,81,사회,2.4,Y
LIB-00837,건축 첫걸음 9판,장유나,제이펍,2000,99,경제/경영,3.7,Y
LIB-00838,건축 프로젝트 6판,오현우,북스홀릭,2018,70,인문,4.7,Y
LIB-00839,소프트웨어 공학 기초부터 응용까지 6판,배민서,위키북스,2004,74,과학,3.0,N
LIB-00840,심리학 첫걸음 5판,장유나,위키북스,2001,51,교육,4.1,Y
LIB-00841,교육학 핸드북 9판,조유진,영진닷컴,2000,2,경제/경영,3.2,Y
LIB-00842,웹 개발 실전 가이드 3판,한지민,한빛미디어,2014,85,컴퓨터/IT,3.2,Y
LIB-00843,알고리즘 문제 해결 5판,최하은,길벗,2024,60,사회,3.3,Y
LIB-00844,소프트웨어 공학 응용과 사례 9판,홍지호,북스홀릭,2010,95,교육,4.5,Y
LIB-00845,건축 실전 가이드 9판,임채원,위키북스,2025,28,인문,4.8,Y
LIB-00846,운영체제 문제 해결 7판,이서연,한빛미디어,2005,43,경제/경영,4.2,Y
LIB-00847,파이썬 알고리즘 인터뷰 문제 해결 5판,임채원,위키북스,2000,65,프로그래밍,4.0,Y
LIB-00848,알고리즘 입문 7판,조유진,길벗,2015,21,과학,4.0,Y
LIB-00849,경영학 프로젝트 7판,조유진,영진닷컴,2014,90,사회,4.1,Y
LIB-00850,소프트웨어 공학 입문 5판,서하린,제이펍,2004,36,컴퓨터/IT,4.5,Y
LIB-00851,소프트웨어 공학 완벽 활용법 9판,조유진,인사이트,2010,93,사회,3.6,Y
LIB-00852,알고리즘 프로젝트 1판,정도윤,길벗,2020,78,사회,5.0,N
LIB-00853,정보보안 프로젝트 1판,조유진,영진닷컴,2005,47,교육,3.7,Y
LIB-00854,정보보안 기초부터 응용까지 5판,홍지호,영진닷컴,2006,58,인문,2.8,Y
LIB-00855,과학 핸드북 4판,홍지호,에이콘출판,2026,64,인문,3.1,Y
LIB-00856,Python 데이터 분석 완벽 활용법 3판,김민준,북스홀릭,2021,12,프로그래밍,2.9,Y
LIB-00857,수학 실전 가이드 8판,임채원,생능출판,2021,6,컴퓨터/IT,2.6,Y
LIB-00858,생물학 문제 해결 7판,오현우,생능출판,2011,64,과학,4.5,Y
LIB-00859,혼자 공부하는 파이썬 문제 해결 3판,서하린,정보문화사,2017,81,프로그래밍,2.3,Y
LIB-00860,역사 프로젝트 8판,김민준,위키북스,2023,76,사회,4.1,Y
LIB-00861,소프트웨어 공학 기초부터 응용까지 9판,최하은,정보문화사,2016,31,경제/경영,3.7,Y
LIB-00862,데이터베이스 실전 가이드 2판,신태양,정보문화사,2018,43,사회,4.9,Y
LIB-00863,역사 핸드북 9판,정도윤,정보문화사,2001,25,경제/경영,3.6,Y
LIB-00864,생물학 입문 3판,정도윤,한빛미디어,2007,40,과학,3.6,Y
LIB-00865,컴퓨터 비전 응용과 사례 5판,최하은,북스홀릭,2018,54,과학,3.9,N
LIB-00866,파이썬 머신러닝 완벽 가이드 기초부터 응용까지 2판,최하은,제이펍,2015,22,프로그래밍,2.7,Y
LIB-00867,Python 데이터 분석 입문 2판,윤서준,생능출판,2009,100,프로그래밍,4.6,Y
LIB-00868,파이썬 자연어 처리 실전 가이드 4판,정도윤,에이콘출판,2018,54,프로그래밍,2.1,Y
LIB-00869,심리학 핵심 정리 8판,조유진,정보문화사,2003,0,인문,3.5,Y
LIB-00870,Python for Beginners 입문 3판,홍지호,한빛미디어,2000,61,프로그래밍,3.5,N
LIB-00871,과학 실전 가이드 2판,홍지호,위키북스,2025,16,컴퓨터/IT,2.6,Y
LIB-00872,수학 첫걸음 4판,조유진,북스홀릭,2018,91,사회,4.3,N
LIB-00873,Do it! 점프 투 파이썬 핵심 정리 5판,홍지호,생능출판,2010,75,프로그래밍,4.7,Y
LIB-00874,자료구조 응용과 사례 3판,장유나,북스홀릭,2025,62,경제/경영,4.5,N
LIB-00875,웹 개발 문제 해결 1판,서하린,인사이트,2004,58,경제/경영,4.1,N
LIB-00876,알고리즘 완벽 활용법 8판,임채원,영진닷컴,2023,47,경제/경영,2.5,Y
LIB-00877,심리학 완벽 활용법 3판,강수빈,생능출판,2012,48,컴퓨터/IT,4.6,Y
LIB-00878,과학 응용과 사례 2판,신태양,영진닷컴,2016,57,과학,2.9,Y
LIB-00879,과학 문제 해결 4판,홍지호,북스홀릭,2000,71,사회,4.4,N
LIB-00880,수학 프로젝트 4판,임채원,북스홀릭,2017,67,교육,3.4,Y
LIB-00881,자료구조 문제 해결 2판,조유진,영진닷컴,2022,36,교육,5.0,Y
LIB-00882,알고리즘 입문 2판,박지훈,위키북스,2021,35,경제/경영,2.6,N
LIB-00883,파이썬 웹 개발 첫걸음 4판,오현우,영진닷컴,2013,30,프로그래밍,4.1,Y
LIB-00884,알고리즘 완벽 활용법 5판,이서연,영진닷컴,2025,23,컴퓨터/IT,3.4,Y
LIB-00885,컴퓨터 비전 핵심 정리 7판,서하린,길벗,2016,46,과학,2.0,Y
LIB-00886,혼자 공부하는 파이썬 프로젝트 2판,김민준,제이펍,2009,52,프로그래밍,3.9,N
LIB-00887,역사 응용과 사례 9판,신태양,생능출판,2018,73,사회,2.4,Y
LIB-00888,머신러닝 문제 해결 1판,한지민,북스홀릭,2015,15,사회,4.0,Y
LIB-00889,과학 실전 가이드 3판,이서연,에이콘출판,2004,83,컴퓨터/IT,3.6,N
LIB-00890,경제학 문제 해결 8판,최하은,북스홀릭,2025,18,컴퓨터/IT,4.6,N
LIB-00891,역사 완벽 활용법 6판,이서연,인사이트,2017,6,컴퓨터/IT,3.7,Y
LIB-00892,수학 응용과 사례 3판,강수빈,위키북스,2018,78,과학,2.0,Y
LIB-00893,인공지능 핸드북 7판,박지훈,생능출판,2005,37,경제/경영,3.1,Y
LIB-00894,경영학 첫걸음 5판,김민준,정보문화사,2010,70,교육,3.8,Y
LIB-00895,심리학 완벽 활용법 6판,신태양,정보문화사,2006,67,컴퓨터/IT,4.6,Y
LIB-00896,머신러닝 완벽 활용법 8판,홍지호,정보문화사,2015,76,교육,2.1,Y
LIB-00897,정보보안 문제 해결 5판,윤서준,한빛미디어,2020,42,사회,3.3,Y
LIB-00898,과학 첫걸음 3판,윤서준,인사이트,2013,26,인문,3.0,N
LIB-00899,경제학 완벽 활용법 6판,최하은,인사이트,2018,7,사회,3.5,Y
LIB-00900,소프트웨어 공학 첫걸음 4판,신태양,영진닷컴,2026,10,사회,3.1,N
LIB-00901,Do it! 점프 투 파이썬 응용과 사례 1판,윤서준,에이콘출판,2010,30,프로그래밍,2.5,Y
LIB-00902,데이터 분석 첫걸음 7판,박지훈,영진닷컴,2023,36,사회,2.2,Y
LIB-00903,문학 프로젝트 6판,박지훈,에이콘출판,2013,42,사회,3.1,Y
LIB-00904,과학 응용과 사례 3판,박지훈,에이콘출판,2016,73,사회,2.7,Y
LIB-00905,운영체제 첫걸음 6판,최하은,정보문화사,2010,25,사회,2.9,Y
LIB-00906,인공지능 응용과 사례 8판,이서연,길벗,2008,83,컴퓨터/IT,4.1,Y
LIB-00907,자료구조 프로젝트 4판,한지민,한빛미디어,2000,68,과학,4.1,Y
LIB-00908,네트워크 응용과 사례 8판,조유진,생능출판,2004,9,컴퓨터/IT,3.0,N
LIB-00909,디지털 리터러시 기초부터 응용까지 8판,조유진,길벗,2023,18,과학,4.1,Y
LIB-00910,역사 첫걸음 1판,서하린,정보문화사,2002,67,사회,4.4,N
LIB-00911,교육학 응용과 사례 2판,최하은,제이펍,2009,0,인문,4.0,Y
LIB-00912,Python for Beginners 핵심 정리 2판,강수빈,영진닷컴,2004,0,프로그래밍,2.9,Y
LIB-00913,심리학 응용과 사례 7판,서하린,북스홀릭,2004,97,과학,4.9,Y
LIB-00914,네트워크 프로젝트 7판,윤서준,제이펍,2013,7,인문,4.7,N
LIB-00915,디지털 리터러시 실전 가이드 6판,최하은,한빛미디어,2016,81,교육,2.5,N
LIB-00916,건축 응용과 사례 5판,신태양,생능출판,2009,30,인문,3.1,N
LIB-00917,파이썬과 통계 핸드북 3판,김민준,한빛미디어,2007,91,프로그래밍,4.4,Y
LIB-00918,Python으로 배우는 자료구조 프로젝트 3판,홍지호,위키북스,2022,27,프로그래밍,3.1,Y
LIB-00919,과학 핸드북 6판,장유나,북스홀릭,2018,42,컴퓨터/IT,3.6,Y
LIB-00920,자연어 처리 실전 가이드 9판,오현우,에이콘출판,2017,18,사회,2.2,Y
LIB-00921,Do it! 점프 투 파이썬 응용과 사례 5판,한지민,북스홀릭,2017,76,프로그래밍,4.7,Y
LIB-00922,역사 핵심 정리 3판,조유진,인사이트,2017,46,컴퓨터/IT,4.4,N
LIB-00923,철학 핸드북 4판,배민서,제이펍,2006,24,과학,2.2,Y
LIB-00924,혼자 공부하는 파이썬 기초부터 응용까지 4판,박지훈,에이콘출판,2016,83,프로그래밍,4.4,Y
LIB-00925,건축 실전 가이드 8판,오현우,에이콘출판,2007,57,사회,4.9,Y
LIB-00926,자연어 처리 응용과 사례 3판,홍지호,정보문화사,2018,60,컴퓨터/IT,3.7,N
LIB-00927,알고리즘 프로젝트 2판,홍지호,인사이트,2011,60,경제/경영,2.4,N
LIB-00928,소프트웨어 공학 실전 가이드 6판,이서연,정보문화사,2022,72,컴퓨터/IT,2.7,Y
LIB-00929,철학 응용과 사례 1판,강수빈,영진닷컴,2009,45,컴퓨터/IT,4.8,Y
LIB-00930,역사 응용과 사례 9판,오현우,위키북스,2009,37,과학,3.1,Y
LIB-00931,자료구조 핵심 정리 4판,신태양,정보문화사,2025,14,사회,3.0,Y
LIB-00932,디자인 응용과 사례 4판,최하은,영진닷컴,2018,52,컴퓨터/IT,4.7,N
LIB-00933,파이썬 머신러닝 완벽 가이드 기초부터 응용까지 5판,강수빈,제이펍,2014,26,프로그래밍,2.5,Y
LIB-00934,머신러닝 핵심 정리 5판,서하린,제이펍,2022,2,사회,2.3,Y
LIB-00935,빅데이터 문제 해결 9판,홍지호,한빛미디어,2016,31,교육,3.8,Y
LIB-00936,자연어 처리 실전 가이드 3판,이서연,위키북스,2001,91,컴퓨터/IT,3.1,Y
LIB-00937,혼자 공부하는 파이썬 완벽 활용법 3판,윤서준,북스홀릭,2017,37,프로그래밍,2.5,Y
LIB-00938,수학 핸드북 6판,이서연,정보문화사,2002,78,인문,3.7,Y
LIB-00939,생물학 핸드북 3판,강수빈,생능출판,2008,19,교육,2.9,Y
LIB-00940,컴퓨터 비전 응용과 사례 1판,임채원,영진닷컴,2008,87,경제/경영,5.0,Y
LIB-00941,정보보안 문제 해결 3판,홍지호,한빛미디어,2004,89,인문,4.0,Y
LIB-00942,컴퓨터 비전 응용과 사례 5판,강수빈,제이펍,2025,50,인문,2.0,Y
LIB-00943,데이터베이스 완벽 활용법 7판,김민준,위키북스,2021,7,경제/경영,2.9,Y
LIB-00944,도서관 자료 관리 실무 13판,장유나,한빛미디어,2010,40,과학,4.9,Y
LIB-00945,파이썬 자연어 처리 첫걸음 2판,김민준,에이콘출판,2003,57,프로그래밍,2.3,Y
LIB-00946,딥러닝 실전 가이드 2판,장유나,생능출판,2005,84,과학,3.5,Y
LIB-00947,클라우드 핵심 정리 8판,김민준,제이펍,2006,86,경제/경영,3.9,N
LIB-00948,네트워크 입문 1판,이서연,에이콘출판,2001,6,사회,3.7,N
LIB-00949,인공지능 문제 해결 1판,오현우,길벗,2007,51,컴퓨터/IT,4.6,Y
LIB-00950,파이썬 머신러닝 완벽 가이드 핵심 정리 1판,박지훈,위키북스,2015,71,프로그래밍,3.6,N
LIB-00951,운영체제 첫걸음 3판,윤서준,정보문화사,2000,64,사회,2.2,Y
LIB-00952,디지털 리터러시 핵심 정리 9판,최하은,인사이트,2000,51,경제/경영,2.4,Y
LIB-00953,교육학 첫걸음 5판,배민서,길벗,2001,84,컴퓨터/IT,4.3,N
LIB-00954,과학 실전 가이드 2판,김민준,한빛미디어,2021,36,인문,4.6,Y
LIB-00955,Python API 개발 응용과 사례 2판,한지민,인사이트,2002,8,프로그래밍,4.8,N
LIB-00956,데이터 분석 실전 가이드 8판,이서연,생능출판,2024,49,과학,2.6,Y
LIB-00957,심리학 완벽 활용법 5판,배민서,북스홀릭,2022,9,과학,3.1,Y
LIB-00958,파이썬 알고리즘 인터뷰 프로젝트 5판,서하린,영진닷컴,2022,39,프로그래밍,4.5,Y
LIB-00959,건축 문제 해결 2판,조유진,길벗,2012,91,과학,2.2,Y
LIB-00960,역사 프로젝트 2판,강수빈,인사이트,2026,26,컴퓨터/IT,2.7,Y
LIB-00961,파이썬과 통계 핵심 정리 3판,박지훈,한빛미디어,2001,71,프로그래밍,4.6,N
LIB-00962,교육학 첫걸음 4판,조유진,인사이트,2025,27,경제/경영,3.9,Y
LIB-00963,경제학 입문 9판,한지민,영진닷컴,2022,22,사회,3.5,N
LIB-00964,빅데이터 실전 가이드 6판,이서연,생능출판,2016,39,인문,3.9,Y
LIB-00965,철학 핵심 정리 5판,신태양,북스홀릭,2012,88,과학,4.8,N
LIB-00966,자연어 처리 응용과 사례 4판,윤서준,위키북스,2012,70,인문,3.7,Y
LIB-00967,인공지능 프로젝트 5판,김민준,한빛미디어,2016,84,컴퓨터/IT,4.4,Y
LIB-00968,소프트웨어 공학 응용과 사례 5판,윤서준,길벗,2024,57,경제/경영,2.7,N
LIB-00969,데이터 분석 입문 9판,정도윤,한빛미디어,2000,98,교육,3.8,Y
LIB-00970,Deep Learning with Python 핸드북 3판,서하린,영진닷컴,2006,97,프로그래밍,2.0,N
LIB-00971,파이썬 웹 개발 완벽 활용법 4판,박지훈,위키북스,2019,32,프로그래밍,4.9,Y
LIB-00972,데이터 분석 문제 해결 8판,배민서,인사이트,2008,21,컴퓨터/IT,3.2,Y
LIB-00973,경영학 응용과 사례 1판,이서연,생능출판,2009,48,사회,4.3,Y
LIB-00974,알고리즘 응용과 사례 9판,최하은,영진닷컴,2023,86,경제/경영,2.1,Y
LIB-00975,정보보안 문제 해결 4판,장유나,인사이트,2006,89,경제/경영,3.2,Y
LIB-00976,디자인 문제 해결 8판,서하린,제이펍,2007,18,교육,3.7,N
LIB-00977,딥러닝 문제 해결 4판,이서연,북스홀릭,2008,16,교육,4.1,N
LIB-00978,머신러닝 핵심 정리 7판,오현우,인사이트,2002,54,경제/경영,2.6,Y
LIB-00979,클라우드 첫걸음 7판,홍지호,북스홀릭,2001,81,과학,4.6,Y
LIB-00980,정보보안 기초부터 응용까지 4판,임채원,제이펍,2023,13,경제/경영,2.1,N
LIB-00981,머신러닝 입문 6판,서하린,생능출판,2024,74,컴퓨터/IT,2.1,Y
LIB-00982,컴퓨터 비전 응용과 사례 9판,김민준,생능출판,2020,51,사회,3.6,Y
LIB-00983,심리학 완벽 활용법 3판,서하린,에이콘출판,2006,78,교육,4.4,Y
LIB-00984,운영체제 핸드북 6판,한지민,영진닷컴,2001,17,인문,4.2,Y
LIB-00985,컴퓨터 비전 첫걸음 9판,한지민,정보문화사,2019,56,컴퓨터/IT,2.4,N
LIB-00986,문학 입문 9판,윤서준,영진닷컴,2015,20,과학,3.6,Y
LIB-00987,문학 입문 7판,임채원,위키북스,2025,2,사회,3.6,Y
LIB-00988,정보보안 완벽 활용법 8판,서하린,에이콘출판,2013,39,교육,4.2,Y
LIB-00989,자연어 처리 기초부터 응용까지 2판,오현우,인사이트,2011,44,과학,3.2,Y
LIB-00990,심리학 핸드북 7판,정도윤,길벗,2026,50,컴퓨터/IT,2.3,N
LIB-00991,Python API 개발 실전 가이드 2판,서하린,생능출판,2018,11,프로그래밍,4.7,Y
LIB-00992,머신러닝 문제 해결 5판,정도윤,북스홀릭,2019,49,인문,2.9,Y
LIB-00993,파이썬 알고리즘 인터뷰 완벽 활용법 4판,조유진,제이펍,2019,46,프로그래밍,3.9,Y
LIB-00994,머신러닝 실전 가이드 1판,최하은,생능출판,2023,77,컴퓨터/IT,5.0,Y
LIB-00995,딥러닝 문제 해결 8판,장유나,길벗,2010,58,교육,2.9,Y
LIB-00996,운영체제 프로젝트 3판,김민준,정보문화사,2001,51,사회,2.6,N
LIB-00997,운영체제 완벽 활용법 9판,한지민,길벗,2004,31,경제/경영,3.8,Y
LIB-00998,운영체제 실전 가이드 2판,윤서준,정보문화사,2012,14,사회,4.1,Y
LIB-00999,PYTHON 자동화 실습 입문 4판,장유나,에이콘출판,2025,39,프로그래밍,2.0,Y
LIB-01000,자료구조 핸드북 2판,최하은,길벗,2002,29,인문,3.3,N
