주문번호,ID,주문 품목,건수,가격
770487,U00345,에스프레소머신,7,162950
C216739,U00507,텐트,3,452320
126225,U00187,운동화,2,173500
C877572,U00218,공기청정기,3,476910
C388389,U00265,외장SSD,3,21850
356787,U00287,자전거라이트,4,29330
C334053,U00283,무선이어폰,5,180680
246316,U00011,선풍기,6,68960
872246,U00196,운동화,1,419340
C207473,U00248,자물쇠,2,189310
C809570,U00417,드론,7,6890
876646,U00569,HDMI케이블,6,23990
671858,U00247,외장SSD,1,118940
191161,U00488,운동화,7,312400
719176,U00503,자전거라이트,2,111270
542417,U00018,노트북,6,89330
133326,U00302,보조배터리,2,31120
C131244,U00415,수납박스,4,239830
198246,U00250,청소기,5,176590
329258,U00596,수납박스,6,364200
343962,U00485,선풍기,4,199570
629903,U00544,공기청정기,6,139170
731262,U00436,세탁세제,5,462580
127824,U00564,캠핑체어,4,6610
C688508,U00361,마스크팩,4,331060
308496,U00465,에스프레소머신,6,263510
850800,U00314,선풍기,5,237470
781453,U00237,낚시릴,7,97680
835392,U00198,차랑거치대,1,217430
671412,U00123,액션캠,5,404760
C539898,U00549,태블릿,5,497160
331148,U00190,고속충전기,1,25270
571029,U00222,낚시릴,7,57580
717889,U00496,운동화,3,131660
391704,U00538,샴푸,7,394520
948749,U00290,마스크팩,1,310350
106814,U00199,주방세제,1,240990
895667,U00233,주방세제,6,145390
944962,U00184,셔츠,4,114650
267414,U00015,텐트,1,329820
C832052,U00547,무선충전패드,6,277660
543143,U00281,태블릿,2,337700
456778,U00056,블루투스스피커,7,7060
391369,U00300,외장SSD,2,239190
C263032,U00130,등산화,7,420230
325772,U00503,마스크팩,4,186410
900581,U00013,텐트,7,21780
452944,U00292,보조배터리,4,166980
C207175,U00491,운동화,6,227990
197251,U00349,헬스보충제,5,430570
498382,U00053,운동화,6,299670
C201414,U00490,헬스보충제,4,264390
476417,U00067,텐트,3,185470
988662,U00504,셔츠,4,224760
460663,U00591,헬스보충제,1,305800
C733052,U00055,HDMI케이블,6,72760
377370,U00153,화장솜,1,99740
946335,U00312,마스크팩,3,298200
145561,U00255,캠핑체어,1,330620
865179,U00572,등산화,7,84940
581741,U00427,외장SSD,1,470760
662275,U00232,자전거라이트,4,449170
C230889,U00536,자전거라이트,5,205800
496922,U00462,주방세제,3,272360
182627,U00305,드립포트,4,471450
678856,U00440,볼펜,1,472170
407419,U00583,스마트워치,4,390590
969693,U00062,청소기,7,54310
C759176,U00102,패딩,3,131880
C748564,U00213,선크림,5,410450
C479201,U00217,태블릿,3,450420
705397,U00084,샴푸,1,283480
301629,U00246,마스크팩,6,162080
838797,U00566,캠핑체어,4,475110
172933,U00161,노트북,3,307060
148050,U00419,에스프레소머신,7,187270
793384,U00482,외장SSD,7,356530
338968,U00034,HDMI케이블,3,86550
910620,U00296,에스프레소머신,2,477540
403445,U00290,선크림,2,308060
183667,U00465,마스크팩,2,256990
996865,U00240,캠핑체어,4,464360
C344098,U00203,맨투맨,6,214320
205907,U00118,공기청정기,3,76580
498591,U00231,요가매트,3,431420
391476,U00153,프린터용지,3,49990
575435,U00146,청바지,1,126830
766563,U00062,주방세제,1,332110
974628,U00315,외장SSD,4,488540
C482554,U00583,노트북,1,169820
270555,U00450,헬스보충제,2,474750
488162,U00480,게이밍마우스,2,33690
472528,U00312,주방세제,5,472600
319684,U00413,등산화,4,238280
802729,U00513,등산화,4,228990
C379946,U00506,선풍기,3,213800
C835911,U00083,볼펜,4,424140
C816751,U00041,외장SSD,7,179290
779514,U00331,드립포트,6,478330
174870,U00257,문구세트,6,63950
738720,U00094,패딩,2,489040
765822,U00590,USB허브,4,402900
279451,U00022,선크림,5,281430
660086,U00276,외장SSD,3,379100
864544,U00042,보조배터리,1,190890
356702,U00180,요가매트,5,440250
C271339,U00532,고속충전기,1,343280
584714,U00453,주방세제,1,8010
497887,U00186,USB허브,3,11990
C383060,U00447,에스프레소머신,7,109920
C771088,U00504,운동화,7,202780
821590,U00482,수납박스,1,332450
C684004,U00419,자전거라이트,2,387100
330283,U00329,운동화,2,79550
817870,U00108,운동화,7,362770
440035,U00338,태블릿,2,346770
C983794,U00508,블루투스스피커,1,408280
905635,U00411,운동화,7,63010
913694,U00564,무선이어폰,3,300920
C158655,U00466,태블릿,4,225090
340174,U00323,등산화,4,52800
C961722,U00332,고속충전기,6,49950
133659,U00414,셔츠,3,139030
944151,U00002,드립포트,7,341210
430776,U00556,액션캠,2,231770
520651,U00424,문구세트,6,315240
380746,U00193,문구세트,6,302490
C169403,U00371,청바지,5,485960
C321231,U00511,공기청정기,4,35510
694731,U00453,선크림,7,221990
852787,U00053,선크림,4,325930
429963,U00274,마스크팩,7,75790
C322955,U00135,스마트워치,5,377330
C787277,U00449,HDMI케이블,6,267580
623481,U00497,공기청정기,7,145980
514850,U00030,화장솜,7,264450
774079,U00246,수납박스,5,64490
581141,U00163,등산화,1,351990
249811,U00565,청바지,2,298050
377746,U00566,핸드크림,2,466750
246413,U00096,선크림,1,460430
358607,U00117,텐트,1,38430
C881177,U00121,등산화,7,174640
688637,U00158,핸드크림,7,86300
665158,U00299,공기청정기,3,137840
375504,U00280,HDMI케이블,5,99350
883300,U00495,노트북,1,309450
712982,U00250,등산화,5,303990
549245,U00565,로션,2,357470
711878,U00393,문구세트,4,377200
518801,U00521,화장솜,2,145690
479580,U00140,패딩,2,406580
329974,U00283,노트북,3,357570
245051,U00425,캠핑체어,5,168640
C634277,U00520,낚시릴,7,314770
617488,U00003,보조배터리,3,13510
195325,U00306,드론,2,124380
C892495,U00594,볼펜,1,55520
149405,U00502,청바지,5,386550
214975,U00458,셔츠,1,467470
260265,U00496,자전거라이트,4,212640
757924,U00341,스마트워치,7,38730
267753,U00557,스마트워치,3,353500
930555,U00467,자전거라이트,2,258510
C813536,U00194,프린터용지,2,103170
C542666,U00245,패딩,3,420760
725380,U00393,프린터용지,2,245520
166613,U00421,맨투맨,3,9120
503457,U00326,자물쇠,1,240480
C500156,U00485,무선충전패드,2,392560
C724834,U00391,화장솜,3,493160
C590785,U00156,액션캠,4,383410
C654816,U00038,자전거라이트,7,78570
363626,U00515,무선이어폰,4,367080
680099,U00340,선풍기,7,478200
112038,U00451,고속충전기,6,468520
813328,U00539,액션캠,4,474590
855731,U00016,헬스보충제,5,11980
220116,U00148,셔츠,4,172790
C814825,U00159,헬스보충제,3,374390
663054,U00481,캠핑체어,4,176010
887352,U00347,드립포트,4,59860
379786,U00408,HDMI케이블,5,377590
905934,U00083,마스크팩,3,224720
C772097,U00547,태블릿,7,16670
456699,U00325,마스크팩,5,247440
C216970,U00500,액션캠,7,234250
407757,U00037,태블릿,5,242140
555884,U00071,셔츠,3,248940
C265840,U00295,캠핑체어,4,486360
575763,U00093,세탁세제,4,75560
103402,U00101,등산화,7,221770
857168,U00103,낚시릴,2,280690
854639,U00171,핸드크림,2,184240
376183,U00307,요가매트,6,274620
C624902,U00048,HDMI케이블,5,269320
898975,U00058,노트북,1,407620
287330,U00368,드론,4,364090
632342,U00442,고속충전기,3,70880
C211579,U00251,드립포트,7,257890
C755674,U00422,에스프레소머신,7,159850
412942,U00185,드론,5,217330
982554,U00180,텐트,2,308550
769987,U00392,자물쇠,5,259700
632323,U00247,수납박스,1,397980
C738551,U00598,무선충전패드,6,10040
308573,U00238,캠핑체어,1,244600
260263,U00261,볼펜,6,466960
492077,U00262,스마트워치,4,462400
C899550,U00010,블루투스스피커,5,381780
269396,U00295,텐트,6,283600
C665579,U00560,노트북,5,263260
916449,U00076,드립포트,1,490290
C656116,U00354,캠핑체어,1,389130
100599,U00307,핸드크림,1,428560
728038,U00435,선크림,3,195870
C439902,U00257,노트북,3,138230
612340,U00310,태블릿,6,244590
120422,U00394,청소기,2,469270
217301,U00110,무선이어폰,2,407510
480612,U00391,자전거라이트,4,382320
972064,U00368,청소기,3,481050
945964,U00303,드립포트,1,137160
422451,U00303,요가매트,5,360470
351083,U00406,무선이어폰,5,348490
160738,U00009,셔츠,6,62130
352572,U00051,등산화,5,106360
694916,U00509,공기청정기,6,242930
182582,U00236,드론,5,15150
189814,U00361,차랑거치대,1,354610
867460,U00195,등산화,1,243330
609597,U00257,맨투맨,6,74700
955662,U00141,게이밍마우스,5,208840
172574,U00100,수납박스,3,92020
897549,U00041,고속충전기,7,296890
C658582,U00452,텐트,5,331060
C903035,U00594,보조배터리,3,240740
231869,U00135,샴푸,5,53090
234628,U00303,문구세트,1,487120
791798,U00426,청바지,6,353160
C598369,U00206,세탁세제,5,224490
676510,U00553,운동화,2,366870
273148,U00544,게이밍마우스,7,149890
C377932,U00280,청바지,6,436250
653306,U00264,수납박스,2,376310
C736059,U00303,태블릿,4,418480
543692,U00347,세탁세제,3,433080
322086,U00480,프린터용지,7,202580
C665492,U00145,무선충전패드,5,402640
891952,U00232,수납박스,3,162810
865388,U00407,에스프레소머신,2,74490
823378,U00375,맨투맨,2,74410
310922,U00405,캠핑체어,3,107090
847581,U00271,공기청정기,6,322030
426858,U00127,선크림,6,53540
518373,U00378,헬스보충제,1,381600
804314,U00269,자물쇠,1,223330
781446,U00391,에스프레소머신,4,374320
C491559,U00381,액션캠,5,60690
559381,U00240,캠핑체어,3,125150
642717,U00026,선크림,7,176440
C573417,U00575,USB허브,7,65900
226882,U00227,무선충전패드,4,459150
359947,U00065,고속충전기,1,187710
335612,U00476,주방세제,5,106610
167136,U00310,태블릿,3,244540
454508,U00419,수납박스,2,461590
C122056,U00144,헬스보충제,6,142160
C716886,U00039,에스프레소머신,5,396440
680828,U00505,요가매트,6,434280
341292,U00100,요가매트,5,167820
717024,U00551,로션,1,230740
330914,U00398,화장솜,7,456620
C107540,U00380,낚시릴,5,49320
174441,U00554,드립포트,1,146780
842225,U00159,로션,7,8020
761759,U00102,샴푸,6,92170
161733,U00418,맨투맨,7,26250
340062,U00034,액션캠,5,400770
C170674,U00380,화장솜,3,56260
C132938,U00455,노트북,7,196810
446479,U00242,낚시릴,4,414400
174299,U00102,선크림,6,401500
C639131,U00377,자물쇠,1,390180
349565,U00368,헬스보충제,2,15620
392004,U00408,핸드크림,7,67290
801474,U00195,무선충전패드,4,51320
608993,U00466,프린터용지,4,66680
324643,U00218,패딩,3,171160
665427,U00022,선풍기,7,68710
C238739,U00342,프린터용지,2,134100
858490,U00129,블루투스스피커,1,237750
698782,U00211,수납박스,1,196230
704201,U00568,등산화,2,106670
595631,U00222,요가매트,6,43120
354801,U00337,청바지,5,277850
C922733,U00152,게이밍마우스,6,61220
595948,U00003,등산화,6,110890
946721,U00149,차랑거치대,7,135460
526833,U00554,마스크팩,7,48240
299659,U00179,블루투스스피커,7,168890
198907,U00027,청바지,4,292460
201639,U00016,보조배터리,6,6170
790993,U00244,볼펜,6,137340
C551989,U00332,등산화,2,13460
471507,U00179,HDMI케이블,2,470140
544154,U00054,노트북,5,69690
531071,U00432,선크림,4,268860
589710,U00117,맨투맨,4,374760
C864491,U00066,USB허브,1,395010
156802,U00460,스마트워치,6,23280
806073,U00371,등산화,7,402560
785197,U00112,마스크팩,1,462450
C777568,U00516,마스크팩,5,229220
C203198,U00045,USB허브,2,57870
163556,U00534,자물쇠,1,18420
522179,U00470,핸드크림,1,280340
863587,U00032,프린터용지,7,367580
455784,U00491,드론,1,184880
C939482,U00437,패딩,4,434290
214576,U00111,핸드크림,3,57560
360735,U00455,등산화,3,59150
300896,U00083,텐트,4,64510
C299448,U00152,볼펜,3,423320
C662336,U00130,등산화,4,238250
570405,U00600,핸드크림,5,197820
C246991,U00333,낚시릴,2,211110
542374,U00544,텐트,2,190200
292401,U00465,헬스보충제,7,297870
392075,U00441,선풍기,3,83040
585100,U00118,청소기,7,379380
361941,U00565,샴푸,1,26910
C179046,U00221,청소기,5,369550
564656,U00463,셔츠,7,24700
947272,U00424,로션,3,316100
997546,U00465,수납박스,2,224510
C677057,U00426,마스크팩,7,62880
202664,U00098,스마트워치,6,99460
153045,U00438,로션,5,112890
C783823,U00262,자전거라이트,5,326540
666847,U00157,게이밍마우스,6,27430
C976638,U00486,샴푸,2,378800
C115474,U00094,노트북,1,466970
197793,U00096,요가매트,7,299860
C890170,U00099,로션,4,411310
989921,U00382,외장SSD,5,148820
347861,U00570,운동화,5,211090
274389,U00576,운동화,3,401660
C526156,U00338,선크림,2,353840
609231,U00126,게이밍마우스,6,146530
604740,U00363,수납박스,6,134990
324130,U00434,무선충전패드,2,110410
520521,U00053,패딩,2,108800
161483,U00320,드립포트,2,178680
272634,U00107,외장SSD,4,278060
497382,U00520,화장솜,4,158430
C102260,U00159,액션캠,5,392270
509386,U00494,게이밍마우스,1,420630
C378085,U00111,HDMI케이블,1,210300
922157,U00570,드립포트,1,42970
C923267,U00118,맨투맨,1,115530
C577110,U00286,캠핑체어,2,21450
399105,U00232,헬스보충제,7,197560
543555,U00575,마스크팩,6,379300
830429,U00571,수납박스,7,32080
865990,U00274,텐트,5,323800
C921414,U00185,캠핑체어,1,374800
682765,U00317,문구세트,3,256500
794022,U00360,외장SSD,2,435820
853305,U00186,세탁세제,7,91660
610311,U00580,HDMI케이블,1,72830
262316,U00411,HDMI케이블,4,139900
299122,U00146,게이밍마우스,1,24900
411120,U00032,청바지,5,228590
328275,U00544,차랑거치대,5,292340
161324,U00386,등산화,2,108950
707314,U00465,문구세트,1,54440
C871476,U00162,에스프레소머신,1,375110
C668532,U00320,셔츠,4,220660
163918,U00333,보조배터리,1,213060
884309,U00582,주방세제,5,424490
428838,U00087,자물쇠,3,342190
159942,U00160,에스프레소머신,6,284520
152578,U00051,요가매트,6,78110
C712554,U00084,자전거라이트,2,340360
599948,U00454,요가매트,7,293650
627276,U00435,무선충전패드,1,272370
C994141,U00453,화장솜,3,128420
656926,U00280,청바지,2,347490
265080,U00525,자전거라이트,2,476900
159642,U00354,블루투스스피커,2,203460
632496,U00114,공기청정기,1,458680
C184002,U00499,요가매트,7,111820
992697,U00316,자물쇠,6,319800
294851,U00226,액션캠,3,404860
C171849,U00057,세탁세제,7,140750
723939,U00210,선크림,6,100030
171262,U00217,주방세제,3,126750
808011,U00141,프린터용지,5,218890
346629,U00262,수납박스,2,66500
523389,U00336,로션,1,26980
225710,U00008,공기청정기,5,423740
697347,U00441,주방세제,4,92050
358175,U00133,마스크팩,5,229190
707040,U00546,청소기,7,346770
723398,U00236,맨투맨,7,150960
141672,U00573,HDMI케이블,6,464600
C749468,U00363,차랑거치대,4,443610
C185965,U00407,문구세트,1,487850
539589,U00044,선크림,6,493540
789305,U00020,자전거라이트,1,290290
712024,U00080,헬스보충제,6,133080
692683,U00590,선풍기,5,345720
C648177,U00588,핸드크림,6,181850
431737,U00428,마스크팩,4,419010
373432,U00118,차랑거치대,2,94960
C314181,U00022,샴푸,2,271650
C802258,U00176,게이밍마우스,6,271570
850981,U00472,헬스보충제,1,133750
429445,U00371,볼펜,2,172250
C350280,U00448,세탁세제,1,161460
C378517,U00250,수납박스,2,314870
515011,U00411,자물쇠,5,91460
C237235,U00081,텐트,1,362370
C804318,U00318,노트북,6,368970
776856,U00348,청바지,4,392090
414569,U00342,등산화,3,216720
579434,U00173,로션,2,245630
C431535,U00523,드론,3,115460
888387,U00117,보조배터리,6,292690
176066,U00523,HDMI케이블,6,295770
109767,U00358,볼펜,1,409830
580547,U00152,게이밍마우스,3,22620
751332,U00106,낚시릴,1,245580
C690341,U00263,화장솜,2,478040
204837,U00178,등산화,5,353880
176819,U00157,고속충전기,1,345080
663750,U00078,주방세제,2,455800
C323508,U00506,드론,3,286450
630458,U00578,세탁세제,4,101500
378082,U00594,드론,2,235510
238890,U00579,세탁세제,4,495820
465962,U00331,마스크팩,5,220200
172132,U00324,요가매트,7,209910
356150,U00451,운동화,3,63950
C487477,U00481,청바지,1,22500
398830,U00311,에스프레소머신,6,58190
265409,U00058,보조배터리,1,124180
C559469,U00520,청바지,1,471170
974244,U00318,문구세트,2,302110
669605,U00463,자전거라이트,7,227970
C837715,U00059,자물쇠,2,172740
417212,U00294,공기청정기,5,245700
C741390,U00093,낚시릴,2,422860
946305,U00520,주방세제,2,365620
785743,U00474,요가매트,7,199260
654634,U00568,외장SSD,2,11140
C108203,U00043,텐트,7,359350
800305,U00586,스마트워치,2,170140
956795,U00193,낚시릴,2,211620
681542,U00488,드립포트,7,290350
413921,U00155,볼펜,5,158170
795613,U00462,노트북,2,487880
208618,U00352,낚시릴,2,98230
C240814,U00087,문구세트,7,10450
377312,U00177,수납박스,7,104960
C221035,U00254,스마트워치,3,310860
212235,U00449,문구세트,4,455840
878480,U00537,태블릿,5,89360
680097,U00163,볼펜,4,111160
C262998,U00382,액션캠,1,250740
385577,U00397,무선충전패드,5,113160
395442,U00347,청소기,3,449600
734210,U00054,액션캠,6,353010
320861,U00343,선풍기,6,411000
852470,U00338,에스프레소머신,5,250570
C459536,U00572,로션,7,156520
313487,U00396,자물쇠,4,323830
C820892,U00259,운동화,5,455280
C765046,U00154,샴푸,6,13060
994343,U00084,핸드크림,6,414700
376807,U00145,자전거라이트,2,487800
C629959,U00318,요가매트,4,494880
C612262,U00402,차랑거치대,5,368320
363319,U00087,차랑거치대,3,178200
987204,U00573,셔츠,3,146990
153266,U00337,셔츠,5,87450
C196781,U00540,고속충전기,1,471000
765095,U00434,패딩,2,309480
544151,U00371,맨투맨,2,193500
969634,U00372,태블릿,6,478190
C390120,U00185,노트북,3,77870
146228,U00350,핸드크림,1,379430
103717,U00498,자물쇠,2,181740
449759,U00232,낚시릴,3,441420
908577,U00159,운동화,1,181020
237174,U00303,낚시릴,4,293410
768061,U00520,마스크팩,1,160850
374680,U00553,무선충전패드,7,46330
269430,U00540,캠핑체어,5,57950
877236,U00345,자전거라이트,6,414960
563298,U00135,청바지,5,422550
678478,U00386,에스프레소머신,1,385010
839945,U00167,운동화,6,28960
548462,U00170,청소기,3,20910
688153,U00449,청소기,3,270720
C110139,U00421,스마트워치,6,211950
217308,U00244,요가매트,4,479560
178898,U00292,액션캠,1,401920
824586,U00460,핸드크림,1,267920
256294,U00547,마스크팩,7,42380
672092,U00317,요가매트,7,493740
C137778,U00199,화장솜,1,496380
C975136,U00585,프린터용지,2,408290
487151,U00473,볼펜,5,370090
C710805,U00289,선풍기,2,192870
C679364,U00392,무선이어폰,5,270880
255287,U00541,헬스보충제,2,222270
550664,U00166,캠핑체어,3,16360
233636,U00142,선풍기,7,75090
143860,U00054,무선충전패드,5,15070
423232,U00493,자전거라이트,6,449860
C482364,U00568,무선충전패드,2,19350
934794,U00529,액션캠,6,271600
141832,U00292,맨투맨,4,75590
475190,U00165,USB허브,2,79910
320281,U00461,핸드크림,1,153590
C815198,U00151,맨투맨,2,95770
361650,U00094,선크림,2,118830
799330,U00462,볼펜,2,243210
C207786,U00028,문구세트,5,216950
470858,U00055,로션,3,219270
C918011,U00515,헬스보충제,7,445640
687080,U00242,공기청정기,7,280700
526117,U00084,수납박스,7,450690
750810,U00230,보조배터리,2,366240
885884,U00327,낚시릴,3,70390
C262060,U00344,화장솜,5,179820
348237,U00141,무선이어폰,2,472660
270395,U00294,선풍기,6,122220
938742,U00143,캠핑체어,1,449130
950155,U00481,에스프레소머신,4,342560
285652,U00006,프린터용지,5,291020
532322,U00020,고속충전기,3,326960
125990,U00221,마스크팩,1,133570
288073,U00562,스마트워치,7,119250
C872343,U00541,USB허브,1,422520
C448321,U00114,차랑거치대,2,386580
C920391,U00296,블루투스스피커,3,348750
531712,U00309,스마트워치,1,62760
941204,U00049,텐트,7,179340
802448,U00430,드립포트,4,396100
870763,U00469,핸드크림,4,421520
950132,U00114,볼펜,2,157510
C360222,U00549,게이밍마우스,1,483370
379766,U00528,자물쇠,1,290410
C266931,U00248,패딩,4,92060
925622,U00148,드론,6,56090
835343,U00440,드론,2,174670
213346,U00362,선풍기,5,374350
C501124,U00585,에스프레소머신,6,305150
140605,U00192,에스프레소머신,7,416250
593554,U00088,청소기,5,421880
333238,U00370,낚시릴,6,305870
309267,U00539,텐트,3,466670
956253,U00520,문구세트,4,390520
582662,U00568,등산화,4,359880
C466643,U00400,드론,2,496530
420015,U00045,샴푸,1,455040
960394,U00397,자물쇠,5,477190
933980,U00260,드립포트,7,437010
C338651,U00017,텐트,2,108610
333752,U00070,수납박스,2,6050
124813,U00247,텐트,1,65900
792094,U00107,낚시릴,3,24250
C302511,U00596,요가매트,1,265150
C517821,U00341,자전거라이트,4,371790
C444207,U00046,볼펜,6,261830
392136,U00560,핸드크림,3,356980
172792,U00180,문구세트,4,334750
910891,U00476,수납박스,2,169050
C392683,U00491,외장SSD,3,217880
468203,U00187,마스크팩,6,465260
772642,U00065,청바지,4,108260
C634150,U00469,등산화,1,141120
519093,U00301,샴푸,3,205220
812526,U00045,로션,5,188110
C984642,U00043,헬스보충제,5,52900
662262,U00318,샴푸,4,205490
447235,U00408,고속충전기,3,11610
128941,U00485,청소기,1,261580
220944,U00038,무선이어폰,2,94460
373903,U00196,프린터용지,5,168090
287241,U00366,수납박스,1,305270
C708792,U00049,핸드크림,5,498100
378361,U00340,USB허브,4,484080
140115,U00128,노트북,4,367210
213668,U00448,청소기,2,157820
725550,U00451,HDMI케이블,4,263490
555673,U00348,태블릿,4,440850
462479,U00509,캠핑체어,4,458500
863934,U00510,차랑거치대,3,457410
924629,U00532,화장솜,4,488640
428914,U00085,선풍기,5,198420
557592,U00435,무선충전패드,2,204750
735656,U00441,샴푸,6,471780
636265,U00185,블루투스스피커,6,233610
221263,U00301,볼펜,5,454650
503906,U00106,무선이어폰,6,310230
704596,U00336,태블릿,6,50990
299312,U00303,블루투스스피커,4,415890
367095,U00457,낚시릴,1,271160
146542,U00437,선풍기,3,435060
843215,U00455,공기청정기,4,329190
557239,U00458,공기청정기,7,396980
101773,U00362,패딩,3,338970
645175,U00446,요가매트,2,62240
945687,U00059,무선이어폰,6,203160
664607,U00416,스마트워치,4,391630
820221,U00526,세탁세제,1,438200
854377,U00164,선크림,4,427670
C877991,U00147,등산화,5,66160
872840,U00449,로션,1,368360
803204,U00130,무선충전패드,4,182740
306606,U00242,패딩,4,181580
481913,U00376,선풍기,2,165010
552248,U00393,샴푸,5,261190
173372,U00034,무선충전패드,1,395300
796503,U00158,볼펜,5,289040
C446239,U00461,청소기,1,97000
753425,U00381,마스크팩,4,417350
429164,U00079,캠핑체어,3,494380
795612,U00141,캠핑체어,1,243570
989208,U00376,노트북,7,71380
230679,U00322,낚시릴,7,408630
854717,U00286,외장SSD,7,234110
414910,U00117,태블릿,4,24690
631756,U00191,세탁세제,7,107250
424308,U00531,요가매트,7,432590
C799287,U00576,선크림,6,378800
C528231,U00269,캠핑체어,7,488200
442027,U00267,요가매트,2,229730
521947,U00457,샴푸,2,160040
831076,U00293,공기청정기,7,319630
410016,U00503,샴푸,3,433230
681343,U00126,세탁세제,4,363400
233470,U00076,낚시릴,6,200080
C301158,U00177,낚시릴,1,451330
540869,U00456,고속충전기,2,383730
C797229,U00328,텐트,7,62040
497562,U00356,액션캠,1,462430
C810219,U00067,스마트워치,5,201140
884475,U00556,볼펜,4,490080
282480,U00308,운동화,4,267130
745414,U00179,세탁세제,2,82610
696750,U00521,블루투스스피커,7,259260
415568,U00125,차랑거치대,1,18670
C525800,U00143,무선충전패드,7,267000
674553,U00506,고속충전기,1,282230
974224,U00370,드립포트,7,96080
C100425,U00587,공기청정기,5,388600
418635,U00479,HDMI케이블,1,315100
400850,U00133,요가매트,2,447980
C320392,U00089,무선이어폰,6,260370
C550770,U00317,주방세제,3,231120
C923927,U00491,드립포트,2,439610
C708158,U00421,낚시릴,5,16770
736130,U00420,로션,5,168530
786508,U00076,청바지,7,120630
437902,U00325,외장SSD,3,260190
587575,U00076,USB허브,6,274870
563246,U00478,텐트,5,250960
563638,U00530,캠핑체어,7,49310
808446,U00132,낚시릴,4,398100
324082,U00565,에스프레소머신,3,374140
C636004,U00187,태블릿,5,497920
596171,U00133,운동화,2,469130
932291,U00515,무선충전패드,5,287110
934692,U00128,드론,5,73940
C871711,U00157,선풍기,2,431410
C277934,U00169,노트북,5,236710
790855,U00331,외장SSD,6,345540
C188914,U00231,마스크팩,2,302340
C397571,U00532,무선충전패드,7,239860
640490,U00081,캠핑체어,2,91360
796101,U00202,샴푸,4,429350
763686,U00565,주방세제,6,428680
C749342,U00129,무선충전패드,5,141730
451470,U00311,문구세트,5,157220
197923,U00547,차랑거치대,5,237530
958179,U00515,헬스보충제,2,378840
887625,U00173,운동화,2,390200
346277,U00595,태블릿,1,364930
805477,U00176,마스크팩,4,456050
425498,U00346,요가매트,4,77270
335552,U00043,로션,1,6450
C945742,U00084,드립포트,2,35400
C308802,U00591,무선이어폰,5,266600
C254511,U00216,볼펜,2,298440
125611,U00586,공기청정기,1,421210
148458,U00032,외장SSD,7,275420
C356736,U00559,샴푸,3,96600
598216,U00310,주방세제,5,79210
C740967,U00251,보조배터리,3,48580
991014,U00416,로션,3,326170
905819,U00465,청소기,1,329960
C176365,U00062,HDMI케이블,4,389670
577538,U00451,볼펜,2,315070
C534572,U00496,로션,6,128230
760356,U00209,무선이어폰,1,83430
C703634,U00148,주방세제,1,106060
303880,U00327,핸드크림,7,72040
C853240,U00354,등산화,4,112560
830180,U00134,공기청정기,5,350030
502630,U00380,주방세제,6,412470
618392,U00576,HDMI케이블,3,90330
C519066,U00327,스마트워치,7,197010
355836,U00478,텐트,3,101860
254739,U00274,에스프레소머신,6,453430
787926,U00254,선풍기,5,433280
821024,U00100,셔츠,7,260920
105814,U00298,블루투스스피커,2,236970
887443,U00429,게이밍마우스,4,298280
C907451,U00164,수납박스,4,112540
211764,U00592,드립포트,5,79460
916232,U00321,셔츠,6,266160
545798,U00164,드론,4,192520
329471,U00528,자전거라이트,5,138950
284430,U00511,운동화,2,268420
943170,U00510,청소기,5,115230
C829716,U00093,노트북,4,196690
643118,U00518,청소기,4,62820
C587115,U00247,외장SSD,2,192920
C152657,U00598,맨투맨,3,483640
684482,U00050,고속충전기,3,385670
361303,U00289,드립포트,2,365350
989545,U00482,세탁세제,6,183260
227253,U00550,자전거라이트,7,49370
C578634,U00111,게이밍마우스,4,373750
239816,U00138,캠핑체어,2,256690
940346,U00375,드립포트,6,455330
C587213,U00413,USB허브,6,289950
800005,U00047,태블릿,6,87640
656932,U00053,핸드크림,3,72210
686075,U00576,프린터용지,3,78730
724377,U00372,공기청정기,2,61560
432711,U00296,프린터용지,5,304840
891937,U00396,차랑거치대,6,320520
C564071,U00462,고속충전기,6,89290
742412,U00564,요가매트,3,357980
954596,U00122,HDMI케이블,1,62720
854213,U00100,스마트워치,5,404050
629298,U00383,화장솜,7,471590
547470,U00572,무선충전패드,4,84670
970914,U00148,볼펜,4,124160
674485,U00522,핸드크림,4,357620
567574,U00513,선풍기,5,128300
266889,U00047,자물쇠,4,277860
879779,U00141,태블릿,3,143280
597732,U00342,텐트,2,397560
571932,U00532,블루투스스피커,3,468320
371782,U00153,드론,7,255320
888295,U00528,헬스보충제,1,302940
C359249,U00336,자물쇠,4,293610
980660,U00327,낚시릴,7,323230
768636,U00403,프린터용지,1,325030
390782,U00307,선크림,1,436080
903013,U00345,보조배터리,4,37920
915451,U00522,HDMI케이블,4,377850
646622,U00502,드론,7,429680
608136,U00577,셔츠,6,340350
C757193,U00487,핸드크림,7,313740
350867,U00378,로션,6,316690
387936,U00113,마스크팩,7,49810
561239,U00598,로션,5,381050
C181247,U00028,공기청정기,2,245220
848206,U00486,선크림,7,259760
C399607,U00593,고속충전기,5,253170
345884,U00234,주방세제,5,356530
384913,U00053,무선충전패드,4,419240
452161,U00492,태블릿,4,111340
435239,U00537,선풍기,4,298000
666390,U00390,선크림,4,256210
184491,U00249,주방세제,4,338610
245095,U00587,드론,1,288800
258157,U00113,자전거라이트,6,439040
342495,U00020,드론,1,36910
501641,U00322,고속충전기,1,41310
827659,U00156,로션,2,253170
260227,U00209,고속충전기,4,258640
C840734,U00514,스마트워치,7,279250
324345,U00483,자물쇠,6,239720
167348,U00064,세탁세제,4,259310
535020,U00142,액션캠,5,306110
527398,U00213,셔츠,7,272240
446954,U00333,고속충전기,1,292580
668969,U00490,운동화,5,285820
588557,U00386,세탁세제,1,185520
535970,U00178,주방세제,2,106420
C165290,U00546,텐트,3,50310
316881,U00560,운동화,7,286380
973349,U00271,드론,5,397610
C540552,U00496,차랑거치대,2,430330
508396,U00253,HDMI케이블,4,243880
907189,U00572,게이밍마우스,1,356440
C712451,U00231,고속충전기,2,260380
829308,U00296,텐트,6,74790
120480,U00213,맨투맨,1,130040
C998348,U00501,보조배터리,6,74100
902784,U00492,수납박스,5,206310
703655,U00574,노트북,2,340480
498858,U00281,청소기,7,44830
600149,U00125,고속충전기,4,304210
C106182,U00557,태블릿,7,244530
468845,U00405,블루투스스피커,1,50830
413118,U00150,선풍기,4,496450
890075,U00044,셔츠,6,127750
508930,U00081,로션,5,119350
994905,U00453,수납박스,6,190440
976325,U00263,주방세제,3,313410
C539375,U00491,헬스보충제,7,496900
664365,U00207,자물쇠,1,444500
883826,U00278,스마트워치,5,404330
C870319,U00279,패딩,6,244110
C672661,U00112,스마트워치,7,150710
C938722,U00246,선풍기,6,212140
C732556,U00052,핸드크림,4,289440
331251,U00544,선크림,2,457680
611945,U00239,자물쇠,3,491890
330080,U00103,로션,3,469860
386193,U00339,셔츠,5,437850
557007,U00484,에스프레소머신,5,18760
609232,U00141,선크림,7,185370
130434,U00564,낚시릴,5,302250
C507746,U00417,무선충전패드,7,99960
C452457,U00488,볼펜,7,231630
801364,U00205,고속충전기,1,263600
812131,U00295,무선이어폰,4,487310
936912,U00293,화장솜,2,450220
523956,U00061,스마트워치,5,372350
C859359,U00092,셔츠,3,259980
273061,U00588,셔츠,5,198630
C981334,U00548,캠핑체어,2,113050
590094,U00039,헬스보충제,6,144440
233827,U00428,노트북,1,158790
752483,U00038,선크림,3,247860
660069,U00508,드립포트,3,175810
128276,U00297,외장SSD,5,385190
513160,U00010,운동화,6,498780
C720644,U00582,드론,6,388560
691807,U00110,세탁세제,7,150370
795205,U00292,화장솜,4,343480
128418,U00557,선크림,1,282660
C188025,U00506,마스크팩,5,296970
773971,U00517,헬스보충제,5,237250
549433,U00280,선크림,4,372270
242291,U00116,화장솜,2,165290
584125,U00167,블루투스스피커,7,292310
290556,U00470,낚시릴,7,64970
C152727,U00264,화장솜,5,10410
C372793,U00191,헬스보충제,5,444340
497519,U00346,차랑거치대,3,165440
443254,U00582,보조배터리,7,67560
C321941,U00198,선풍기,2,340980
576786,U00416,공기청정기,3,255510
442722,U00528,선크림,3,166840
453894,U00089,화장솜,5,129480
898207,U00098,선풍기,4,309470
497542,U00144,요가매트,7,350010
C391773,U00332,운동화,4,494980
888539,U00007,패딩,5,307680
972335,U00393,프린터용지,3,471980
542042,U00458,에스프레소머신,6,328730
364525,U00274,프린터용지,1,250700
975467,U00310,세탁세제,5,183330
185884,U00587,HDMI케이블,2,168700
593152,U00268,등산화,5,434630
120324,U00369,청소기,2,257790
C885408,U00242,청바지,6,267010
665621,U00122,자물쇠,7,56050
154615,U00315,HDMI케이블,1,441190
466960,U00416,맨투맨,6,175690
335113,U00515,볼펜,4,82360
781725,U00319,액션캠,1,461030
C171951,U00121,핸드크림,4,379810
919182,U00303,액션캠,4,382660
783414,U00227,블루투스스피커,4,89610
C142213,U00137,헬스보충제,6,352820
890870,U00157,헬스보충제,5,423000
C132537,U00383,핸드크림,3,31430
359295,U00563,문구세트,3,388280
309044,U00551,블루투스스피커,2,372680
979995,U00224,텐트,6,318580
C121369,U00254,스마트워치,3,16710
C751517,U00084,프린터용지,7,124290
259784,U00458,요가매트,6,59320
350132,U00371,핸드크림,5,287280
232352,U00578,스마트워치,2,322030
596564,U00064,낚시릴,3,228600
801978,U00518,HDMI케이블,4,168760
219946,U00587,차랑거치대,1,78450
691364,U00154,프린터용지,7,235170
328552,U00336,마스크팩,6,199460
587623,U00453,드론,5,338400
C833442,U00211,핸드크림,2,189740
368690,U00598,HDMI케이블,6,457320
904150,U00094,헬스보충제,6,129850
486814,U00457,문구세트,2,136400
275939,U00465,청소기,6,466360
735324,U00526,핸드크림,2,119070
C736745,U00468,수납박스,5,42500
884256,U00060,선풍기,7,249870
853252,U00474,HDMI케이블,3,492770
220096,U00316,무선이어폰,3,351220
915573,U00023,핸드크림,7,192080
959099,U00261,USB허브,7,97830
271720,U00224,차랑거치대,6,62740
426147,U00075,주방세제,5,312980
213349,U00434,낚시릴,4,12810
706794,U00066,로션,1,73230
126925,U00062,무선충전패드,2,296180
427110,U00484,스마트워치,6,208540
703766,U00294,HDMI케이블,1,424710
810250,U00185,태블릿,7,490630
C493537,U00139,공기청정기,3,139890
515922,U00431,무선충전패드,5,299500
849747,U00392,낚시릴,2,496590
307963,U00387,고속충전기,4,223000
C179688,U00083,청소기,5,77390
720859,U00553,선풍기,7,413460
824161,U00357,고속충전기,2,481570
C970917,U00183,세탁세제,6,120310
C757711,U00403,HDMI케이블,3,116160
354646,U00131,고속충전기,2,23980
C206851,U00229,드립포트,1,200840
831059,U00024,선풍기,5,474710
910004,U00475,드론,5,28070
C416232,U00558,HDMI케이블,6,64060
991597,U00545,드립포트,4,156490
817497,U00236,보조배터리,1,256500
C729577,U00472,USB허브,5,17830
C944657,U00159,HDMI케이블,2,266700
C226935,U00194,선크림,3,85040
934904,U00116,주방세제,1,273190
693423,U00430,주방세제,2,247170
C920652,U00017,맨투맨,5,334940
143064,U00212,수납박스,5,499160
C464069,U00104,청바지,2,11450
C658623,U00035,드립포트,4,305900
549186,U00050,태블릿,4,269750
793655,U00046,공기청정기,2,465370
488571,U00450,외장SSD,4,424450
172306,U00553,무선이어폰,4,207150
630538,U00058,수납박스,1,260560
C778998,U00516,드립포트,2,455960
457806,U00240,샴푸,2,59330
C113266,U00590,패딩,7,119390
C990844,U00592,보조배터리,1,74800
540463,U00329,패딩,6,412180
C962276,U00310,핸드크림,1,280160
614013,U00534,로션,2,378460
210665,U00424,무선충전패드,4,24580
554582,U00282,등산화,4,292950
479781,U00571,차랑거치대,7,423140
766459,U00180,핸드크림,3,337090
968962,U00438,외장SSD,6,477460
582071,U00508,요가매트,3,100280
841666,U00353,청바지,6,86790
260422,U00391,무선충전패드,4,244590
556641,U00327,핸드크림,7,109490
284692,U00427,낚시릴,6,79180
C869440,U00153,프린터용지,3,182610
647091,U00386,로션,6,6410
782054,U00551,청바지,6,472380
383201,U00247,드립포트,6,225100
745830,U00308,스마트워치,1,238830
C947458,U00148,문구세트,6,350180
C664315,U00060,드론,1,157820
912270,U00423,USB허브,3,247640
C606983,U00571,낚시릴,5,489540
587455,U00138,패딩,1,115020
556732,U00249,핸드크림,1,135740
965845,U00209,청소기,6,347280
C866536,U00081,선풍기,1,499370
721254,U00380,핸드크림,1,121390
C381433,U00549,게이밍마우스,6,299920
437960,U00196,스마트워치,3,274570
993085,U00275,프린터용지,4,332620
C357420,U00041,등산화,2,167320
971084,U00193,선풍기,6,58740
190872,U00573,운동화,5,97770
392477,U00491,헬스보충제,6,12780
C572700,U00341,HDMI케이블,2,19920
C355709,U00016,청소기,5,141150
886931,U00195,무선이어폰,3,83510
C587282,U00121,문구세트,5,78680
697530,U00491,드립포트,4,261340
739979,U00210,문구세트,1,465870
800646,U00246,차랑거치대,7,347150
497399,U00330,선풍기,4,68170
