학번,전공,전화번호,나이,A
20260001,컴퓨터공학과,010-2227-4349,21,
20260002,컴퓨터공학과,디자인학과,010-4085-6191,23.0
20260003,컴퓨터공학과,산업공학과,010-5672-4118,27.0
20260004,컴퓨터공학과,010-7965-8937,23,
20260005,컴퓨터공학과,010-5984-9390,29,
20260006,컴퓨터공학과,010-4636-9164,21,
20260007,컴퓨터공학과,전자공학과,010-7466-8541,27.0
20260008,컴퓨터공학과,010-6520-8592,22,
20260009,컴퓨터공학과,010-9021-3992,21,
20260010,컴퓨터공학과,010-2755-5381,23,
20260011,컴퓨터공학과,디자인학과,010-9737-5756,29.0
20260012,컴퓨터공학과,010-2635-5254,29,
20260013,컴퓨터공학과,010-4283-6304,19,
20260014,컴퓨터공학과,010-6740-7298,20,
20260015,컴퓨터공학과,010-8363-9440,27,
20260016,컴퓨터공학과,010-3859-7743,25,
20260017,컴퓨터공학과,통계학과,010-8204-3999,20.0
20260018,컴퓨터공학과,010-9610-3857,22,
20260019,컴퓨터공학과,010-9281-6214,25,
20260020,컴퓨터공학과,010-4207-4078,19,
20260021,컴퓨터공학과,경제학과,010-7610-8851,28.0
20260022,컴퓨터공학과,010-1858-6325,27,
20260023,컴퓨터공학과,010-6167-4023,19,
20260024,컴퓨터공학과,010-9177-6793,27,
20260025,컴퓨터공학과,010-3565-5241,23,
20260026,컴퓨터공학과,010-2696-9816,28,
20260027,컴퓨터공학과,통계학과,010-1532-2590,24.0
20260028,컴퓨터공학과,010-4970-2810,26,
20260029,컴퓨터공학과,010-3683-5995,25,
20260030,컴퓨터공학과,010-2887-7578,26,
20260031,컴퓨터공학과,미디어학과,010-6139-6639,26.0
20260032,컴퓨터공학과,010-9697-8015,26,
20260033,컴퓨터공학과,010-3812-4031,26,
20260034,컴퓨터공학과,경제학과,010-1181-4908,19.0
20260035,컴퓨터공학과,통계학과,010-3696-2379,25.0
20260036,컴퓨터공학과,010-4028-6738,23,
20260037,컴퓨터공학과,010-9382-7428,19,
20260038,컴퓨터공학과,010-2769-6756,26,
20260039,컴퓨터공학과,010-7893-3977,27,
20260040,컴퓨터공학과,010-5583-2610,20,
20260041,컴퓨터공학과,디자인학과,010-6286-4113,20.0
20260042,컴퓨터공학과,경영학과,010-4502-9939,29.0
20260043,컴퓨터공학과,010-4134-9259,27,
20260044,컴퓨터공학과,010-9616-5653,22,
20260045,컴퓨터공학과,010-8129-3227,27,
20260046,컴퓨터공학과,010-9114-8047,29,
20260047,컴퓨터공학과,010-3562-8525,29,
20260048,컴퓨터공학과,010-6062-7879,29,
20260049,컴퓨터공학과,경제학과,010-1522-2994,25.0
20260050,컴퓨터공학과,디자인학과,010-6397-7973,21.0
20260051,컴퓨터공학과,전자공학과,010-2312-8730,22.0
20260052,컴퓨터공학과,010-9159-2403,21,
20260053,컴퓨터공학과,산업공학과,010-4226-7322,29.0
20260054,컴퓨터공학과,010-9489-3117,24,
20260055,컴퓨터공학과,010-4608-9636,27,
20260056,컴퓨터공학과,통계학과,010-3738-4705,19.0
20260057,컴퓨터공학과,산업공학과,010-3545-8548,19.0
20260058,컴퓨터공학과,디자인학과,010-9910-8823,25.0
20260059,컴퓨터공학과,010-9237-9832,19,
20260060,컴퓨터공학과,010-5032-8111,23,
20260061,컴퓨터공학과,산업공학과,010-4938-5608,20.0
20260062,컴퓨터공학과,010-8590-4576,25,
20260063,컴퓨터공학과,경제학과,010-5900-1319,26.0
20260064,컴퓨터공학과,통계학과,010-2215-6273,27.0
20260065,컴퓨터공학과,010-7235-9341,25,
20260066,컴퓨터공학과,통계학과,010-7021-1658,22.0
20260067,컴퓨터공학과,010-2708-9213,21,
20260068,컴퓨터공학과,010-9358-7263,21,
20260069,컴퓨터공학과,010-1067-5505,22,
20260070,컴퓨터공학과,010-6896-5132,20,
20260071,컴퓨터공학과,010-9251-5637,24,
20260072,컴퓨터공학과,010-5729-5708,22,
20260073,컴퓨터공학과,산업공학과,010-1742-9450,29.0
20260074,컴퓨터공학과,010-7126-6695,21,
20260075,컴퓨터공학과,산업공학과,010-1382-5641,21.0
20260076,컴퓨터공학과,010-1587-3666,23,
20260077,컴퓨터공학과,010-6460-7139,20,
20260078,컴퓨터공학과,010-9755-1928,28,
20260079,컴퓨터공학과,통계학과,010-3206-2623,27.0
20260080,컴퓨터공학과,디자인학과,010-9780-7582,28.0
20260081,컴퓨터공학과,경제학과,010-9565-8940,19.0
20260082,컴퓨터공학과,010-5255-8955,26,
20260083,컴퓨터공학과,미디어학과,010-9522-4303,24.0
20260084,컴퓨터공학과,산업공학과,010-6588-5979,26.0
20260085,컴퓨터공학과,010-5432-8591,26,
20260086,경영학과,010-3381-7033,27,
20260087,경영학과,010-4108-4676,22,
20260088,경영학과,010-2223-9524,24,
20260089,경영학과,010-5229-1875,19,
20260090,경영학과,010-4459-8174,23,
20260091,경영학과,경제학과,010-8041-8702,25.0
20260092,경영학과,산업공학과,010-8391-2740,21.0
20260093,경영학과,010-5913-4312,27,
20260094,경영학과,통계학과,010-8424-1190,27.0
20260095,경영학과,010-4083-9386,24,
20260096,경영학과,경제학과,010-5726-9607,29.0
20260097,경영학과,010-6922-7958,20,
20260098,경영학과,010-8059-7107,24,
20260099,경영학과,010-2661-3761,22,
20260100,경영학과,디자인학과,010-4010-7816,19.0
20260101,경영학과,010-8966-2431,29,
20260102,경영학과,010-1061-5129,24,
20260103,경영학과,010-3307-8421,25,
20260104,경영학과,010-5796-1338,21,
20260105,경영학과,010-7906-7375,27,
20260106,경영학과,010-4476-9454,28,
20260107,경영학과,010-9089-6605,28,
20260108,경영학과,010-6338-8026,19,
20260109,경영학과,010-4348-6251,25,
20260110,경영학과,010-2172-5753,28,
20260111,경영학과,영어영문학과,010-4438-1537,24.0
20260112,경영학과,010-3309-4282,20,
20260113,경영학과,전자공학과,010-6684-5267,24.0
20260114,경영학과,010-9148-9443,22,
20260115,경영학과,010-8188-2324,25,
20260116,경영학과,컴퓨터공학과,010-1153-7929,25.0
20260117,경영학과,통계학과,010-3971-1852,21.0
20260118,경영학과,010-9293-3053,25,
20260119,경영학과,미디어학과,010-4178-9707,19.0
20260120,경영학과,010-1453-3413,19,
20260121,경영학과,010-2030-5091,19,
20260122,경영학과,010-5477-2765,27,
20260123,경영학과,010-9515-3067,27,
20260124,경영학과,010-3848-8684,24,
20260125,경영학과,010-1434-6566,23,
20260126,경영학과,010-8743-9022,27,
20260127,경영학과,디자인학과,010-8207-3206,23.0
20260128,경영학과,010-4169-7118,25,
20260129,경영학과,010-5785-7140,26,
20260130,경영학과,010-6295-3173,27,
20260131,경영학과,010-5944-9468,21,
20260132,경영학과,010-4831-2812,28,
20260133,경영학과,010-4206-8695,21,
20260134,경영학과,010-1307-6274,26,
20260135,경영학과,010-5954-6242,23,
20260136,경영학과,디자인학과,010-8208-6659,28.0
20260137,경영학과,컴퓨터공학과,010-9542-4316,28.0
20260138,경영학과,010-3690-2269,28,
20260139,경영학과,전자공학과,010-8373-1540,29.0
20260140,경영학과,010-3249-2178,27,
20260141,경영학과,경제학과,010-3173-6615,26.0
20260142,경영학과,010-8639-6480,26,
20260143,경영학과,010-4520-6326,23,
20260144,경영학과,통계학과,010-6643-8428,27.0
20260145,경영학과,통계학과,010-4056-4318,22.0
20260146,경영학과,010-9556-5797,22,
20260147,경영학과,산업공학과,010-3960-6324,20.0
20260148,경영학과,010-7288-8919,21,
20260149,경영학과,디자인학과,010-3110-4337,20.0
20260150,경영학과,010-3254-1895,20,
20260151,경영학과,010-1867-8031,25,
20260152,경영학과,010-8765-7281,25,
20260153,경영학과,010-6151-1523,22,
20260154,경영학과,010-6851-9088,20,
20260155,경영학과,산업공학과,010-7316-4284,27.0
20260156,경영학과,010-2094-9370,24,
20260157,경영학과,010-4287-6945,25,
20260158,경영학과,010-1071-1003,20,
20260159,경영학과,전자공학과,010-4850-5131,24.0
20260160,경영학과,010-7362-9108,24,
20260161,경영학과,영어영문학과,010-5352-8422,28.0
20260162,경영학과,010-7779-8897,28,
20260163,경영학과,010-8788-9113,25,
20260164,경영학과,010-4228-5045,20,
20260165,경영학과,010-9367-8788,21,
20260166,전자공학과,010-5799-5691,29,
20260167,전자공학과,010-9432-6479,20,
20260168,전자공학과,010-1244-7207,25,
20260169,전자공학과,010-6510-7290,23,
20260170,전자공학과,010-3226-2642,23,
20260171,전자공학과,010-9163-4293,20,
20260172,전자공학과,010-3049-3757,28,
20260173,전자공학과,010-9586-6208,19,
20260174,전자공학과,010-6274-8098,27,
20260175,전자공학과,경제학과,010-6703-9512,21.0
20260176,전자공학과,010-7086-7833,29,
20260177,전자공학과,산업공학과,010-1940-6703,28.0
20260178,전자공학과,010-4335-3753,29,
20260179,전자공학과,통계학과,010-6607-7290,25.0
20260180,전자공학과,경영학과,010-9724-6881,25.0
20260181,전자공학과,010-9239-4284,24,
20260182,전자공학과,010-2051-4735,22,
20260183,전자공학과,010-3970-8651,22,
20260184,전자공학과,010-9195-1409,27,
20260185,전자공학과,디자인학과,010-5757-6436,24.0
20260186,전자공학과,010-6496-3981,26,
20260187,전자공학과,010-6073-4765,25,
20260188,전자공학과,컴퓨터공학과,010-8201-8052,22.0
20260189,전자공학과,010-6255-6287,26,
20260190,전자공학과,010-1497-1483,20,
20260191,전자공학과,010-2169-7144,21,
20260192,전자공학과,영어영문학과,010-1404-3460,29.0
20260193,전자공학과,010-9278-2206,19,
20260194,전자공학과,010-7690-2562,22,
20260195,전자공학과,010-9640-6365,22,
20260196,전자공학과,산업공학과,010-5091-3385,24.0
20260197,전자공학과,010-9871-8593,24,
20260198,전자공학과,경영학과,010-8971-9654,22.0
20260199,전자공학과,010-5466-7420,21,
20260200,전자공학과,010-7409-1934,25,
20260201,전자공학과,010-7488-1632,19,
20260202,전자공학과,산업공학과,010-6075-6770,26.0
20260203,전자공학과,010-3407-6266,24,
20260204,전자공학과,010-9320-7740,20,
20260205,전자공학과,010-9557-8703,21,
20260206,전자공학과,산업공학과,010-1639-9248,29.0
20260207,전자공학과,010-7873-8057,23,
20260208,전자공학과,010-4783-8291,27,
20260209,전자공학과,010-7752-8116,23,
20260210,전자공학과,010-4530-7094,24,
20260211,전자공학과,010-8305-8083,24,
20260212,전자공학과,010-3384-5587,27,
20260213,전자공학과,010-6802-3280,26,
20260214,전자공학과,010-9116-6597,28,
20260215,전자공학과,010-7487-6048,19,
20260216,전자공학과,010-7485-4677,22,
20260217,전자공학과,010-9170-1970,25,
20260218,전자공학과,컴퓨터공학과,010-6005-4859,28.0
20260219,전자공학과,010-8214-3175,20,
20260220,전자공학과,010-2203-5619,29,
20260221,전자공학과,010-4591-7280,27,
20260222,전자공학과,산업공학과,010-4503-2170,28.0
20260223,전자공학과,010-9374-8702,22,
20260224,전자공학과,010-7844-2481,27,
20260225,전자공학과,010-5838-9684,19,
20260226,전자공학과,010-1270-3766,25,
20260227,전자공학과,010-3876-5284,27,
20260228,전자공학과,영어영문학과,010-5409-1637,29.0
20260229,전자공학과,010-9165-7452,27,
20260230,전자공학과,경영학과,010-2982-4397,19.0
20260231,전자공학과,010-5589-8623,25,
20260232,전자공학과,통계학과,010-7981-8992,29.0
20260233,전자공학과,010-9429-5345,29,
20260234,전자공학과,010-3964-3206,21,
20260235,전자공학과,010-2261-9792,29,
20260236,전자공학과,010-9102-8506,19,
20260237,전자공학과,경제학과,010-5675-1554,27.0
20260238,전자공학과,010-6051-6299,22,
20260239,전자공학과,산업공학과,010-2224-6321,20.0
20260240,전자공학과,010-6979-1190,24,
20260241,산업공학과,010-4779-4009,26,
20260242,산업공학과,경제학과,010-9548-2627,28.0
20260243,산업공학과,영어영문학과,010-4131-1241,23.0
20260244,산업공학과,영어영문학과,010-3727-5357,21.0
20260245,산업공학과,경영학과,010-5191-8314,28.0
20260246,산업공학과,010-8950-3348,24,
20260247,산업공학과,010-2732-2500,27,
20260248,산업공학과,010-5291-3746,22,
20260249,산업공학과,경제학과,010-5704-9414,28.0
20260250,산업공학과,010-1094-2641,20,
20260251,산업공학과,010-7860-4671,23,
20260252,산업공학과,010-4234-8150,20,
20260253,산업공학과,전자공학과,010-2974-4711,28.0
20260254,산업공학과,010-4945-4406,29,
20260255,산업공학과,미디어학과,010-9592-5499,29.0
20260256,산업공학과,경영학과,010-6301-8897,29.0
20260257,산업공학과,010-6510-8852,20,
20260258,산업공학과,경제학과,010-1661-8974,20.0
20260259,산업공학과,010-1068-9125,27,
20260260,산업공학과,010-1662-2368,22,
20260261,산업공학과,경영학과,010-2655-1410,23.0
20260262,산업공학과,컴퓨터공학과,010-6329-7124,20.0
20260263,산업공학과,010-1562-5800,22,
20260264,산업공학과,010-8101-3259,21,
20260265,산업공학과,010-8314-2037,26,
20260266,산업공학과,010-1897-7054,28,
20260267,산업공학과,010-5247-7696,26,
20260268,산업공학과,010-8513-5912,22,
20260269,산업공학과,전자공학과,010-5912-1115,24.0
20260270,산업공학과,010-5221-2658,27,
20260271,산업공학과,010-1546-2899,20,
20260272,산업공학과,010-7996-6662,22,
20260273,산업공학과,미디어학과,010-7913-2294,21.0
20260274,산업공학과,010-7244-2489,24,
20260275,산업공학과,010-3617-2358,23,
20260276,산업공학과,010-5818-6378,29,
20260277,산업공학과,010-6645-9483,19,
20260278,산업공학과,디자인학과,010-6856-1880,23.0
20260279,산업공학과,010-4439-4504,28,
20260280,산업공학과,010-9842-3726,22,
20260281,산업공학과,010-6426-4092,22,
20260282,산업공학과,디자인학과,010-5439-6589,25.0
20260283,산업공학과,전자공학과,010-5690-4620,23.0
20260284,산업공학과,010-5573-7354,19,
20260285,산업공학과,010-8273-4558,20,
20260286,산업공학과,010-6078-2925,27,
20260287,산업공학과,컴퓨터공학과,010-7995-7965,24.0
20260288,산업공학과,영어영문학과,010-5745-5631,28.0
20260289,산업공학과,통계학과,010-6383-9829,29.0
20260290,산업공학과,010-9733-7800,28,
20260291,산업공학과,010-5414-2402,25,
20260292,산업공학과,010-5847-7184,25,
20260293,산업공학과,컴퓨터공학과,010-3282-7086,27.0
20260294,산업공학과,010-3961-3325,24,
20260295,산업공학과,010-7279-6295,28,
20260296,산업공학과,010-2847-8025,24,
20260297,산업공학과,010-8530-7099,20,
20260298,산업공학과,통계학과,010-1286-6968,25.0
20260299,산업공학과,경영학과,010-8869-4225,28.0
20260300,산업공학과,영어영문학과,010-1300-3973,24.0
20260301,산업공학과,010-6712-7531,27,
20260302,산업공학과,010-6599-2150,19,
20260303,산업공학과,010-6185-2695,29,
20260304,산업공학과,미디어학과,010-5374-3596,20.0
20260305,산업공학과,010-2797-6888,24,
20260306,산업공학과,010-7120-7008,28,
20260307,산업공학과,010-4348-3204,23,
20260308,산업공학과,010-1472-6283,20,
20260309,산업공학과,컴퓨터공학과,010-8650-8126,29.0
20260310,산업공학과,010-6717-4212,25,
20260311,디자인학과,010-1677-8938,26,
20260312,디자인학과,전자공학과,010-5558-3554,28.0
20260313,디자인학과,010-6730-4850,23,
20260314,디자인학과,전자공학과,010-6744-2708,22.0
20260315,디자인학과,010-3133-9324,22,
20260316,디자인학과,010-6205-4003,19,
20260317,디자인학과,010-7488-2228,19,
20260318,디자인학과,010-8021-2718,29,
20260319,디자인학과,전자공학과,010-6990-5104,22.0
20260320,디자인학과,010-3827-8478,23,
20260321,디자인학과,경제학과,010-5993-6276,25.0
20260322,디자인학과,전자공학과,010-9248-1830,24.0
20260323,디자인학과,전자공학과,010-1048-9180,24.0
20260324,디자인학과,010-8642-8340,25,
20260325,디자인학과,010-8807-4142,26,
20260326,디자인학과,경영학과,010-9400-1988,24.0
20260327,디자인학과,미디어학과,010-5587-9862,27.0
20260328,디자인학과,010-5693-2963,23,
20260329,디자인학과,010-8144-2102,28,
20260330,디자인학과,010-7427-8905,27,
20260331,디자인학과,010-4015-5284,27,
20260332,디자인학과,010-2214-2338,24,
20260333,디자인학과,010-7520-9032,25,
20260334,디자인학과,경제학과,010-3082-6265,21.0
20260335,디자인학과,컴퓨터공학과,010-6882-5313,26.0
20260336,디자인학과,010-8734-1521,29,
20260337,디자인학과,영어영문학과,010-4763-1081,27.0
20260338,디자인학과,010-7072-6700,23,
20260339,디자인학과,경제학과,010-6398-1491,25.0
20260340,디자인학과,010-9176-1458,29,
20260341,디자인학과,010-5871-9807,29,
20260342,디자인학과,경제학과,010-2334-8771,25.0
20260343,디자인학과,산업공학과,010-2204-5633,23.0
20260344,디자인학과,경영학과,010-3895-7359,26.0
20260345,디자인학과,010-4577-3880,19,
20260346,디자인학과,010-7606-6234,28,
20260347,디자인학과,010-7958-8241,26,
20260348,디자인학과,010-9749-4199,22,
20260349,디자인학과,010-9331-4206,23,
20260350,디자인학과,010-2064-9657,19,
20260351,디자인학과,010-4913-9844,26,
20260352,디자인학과,통계학과,010-3867-7095,26.0
20260353,디자인학과,통계학과,010-6888-3388,27.0
20260354,디자인학과,010-6280-1906,19,
20260355,디자인학과,010-9766-1100,19,
20260356,디자인학과,010-6966-6826,23,
20260357,디자인학과,미디어학과,010-6262-9223,22.0
20260358,디자인학과,영어영문학과,010-2469-7275,21.0
20260359,디자인학과,010-9513-6514,23,
20260360,디자인학과,경영학과,010-9865-4885,25.0
20260361,디자인학과,010-9874-6449,26,
20260362,디자인학과,010-9203-9354,19,
20260363,디자인학과,통계학과,010-3212-7855,24.0
20260364,디자인학과,미디어학과,010-6072-3486,20.0
20260365,디자인학과,경제학과,010-5531-3912,22.0
20260366,디자인학과,010-4223-4943,20,
20260367,디자인학과,전자공학과,010-6847-1732,19.0
20260368,디자인학과,010-7618-5486,20,
20260369,디자인학과,010-6450-2059,20,
20260370,디자인학과,경영학과,010-1675-1049,20.0
20260371,디자인학과,전자공학과,010-3586-5691,20.0
20260372,디자인학과,010-7371-2325,23,
20260373,디자인학과,통계학과,010-2243-1092,25.0
20260374,디자인학과,경영학과,010-2614-5874,28.0
20260375,디자인학과,010-2433-4978,28,
20260376,통계학과,010-7628-2928,21,
20260377,통계학과,010-8333-5073,29,
20260378,통계학과,영어영문학과,010-4831-1057,26.0
20260379,통계학과,전자공학과,010-6915-1611,23.0
20260380,통계학과,컴퓨터공학과,010-8931-3563,25.0
20260381,통계학과,010-8100-8144,28,
20260382,통계학과,전자공학과,010-7915-6968,28.0
20260383,통계학과,산업공학과,010-2267-9905,24.0
20260384,통계학과,영어영문학과,010-8406-9298,19.0
20260385,통계학과,010-9348-8459,20,
20260386,통계학과,010-6829-7557,19,
20260387,통계학과,010-1709-6984,25,
20260388,통계학과,컴퓨터공학과,010-8167-2967,25.0
20260389,통계학과,경영학과,010-3491-3204,25.0
20260390,통계학과,010-8901-7891,25,
20260391,통계학과,전자공학과,010-8932-5135,21.0
20260392,통계학과,010-7608-7308,27,
20260393,통계학과,010-4333-7712,27,
20260394,통계학과,경제학과,010-9066-2311,27.0
20260395,통계학과,010-9982-4502,29,
20260396,통계학과,010-4872-9616,23,
20260397,통계학과,010-9222-4083,24,
20260398,통계학과,010-6010-4101,26,
20260399,통계학과,010-3793-7721,22,
20260400,통계학과,010-3589-8721,23,
20260401,통계학과,010-3651-4107,24,
20260402,통계학과,010-6022-9995,21,
20260403,통계학과,010-3086-3994,29,
20260404,통계학과,010-2323-7362,29,
20260405,통계학과,010-1764-7698,24,
20260406,통계학과,미디어학과,010-9194-1926,29.0
20260407,통계학과,미디어학과,010-7316-7122,27.0
20260408,통계학과,010-5584-6402,23,
20260409,통계학과,영어영문학과,010-9384-4683,26.0
20260410,통계학과,010-9445-3356,23,
20260411,통계학과,010-7822-5950,23,
20260412,통계학과,디자인학과,010-5790-2678,21.0
20260413,통계학과,010-8328-7478,23,
20260414,통계학과,디자인학과,010-5481-8526,21.0
20260415,통계학과,경제학과,010-4818-8207,27.0
20260416,통계학과,영어영문학과,010-7651-4161,26.0
20260417,통계학과,010-7167-2704,23,
20260418,통계학과,010-3107-1058,27,
20260419,통계학과,영어영문학과,010-7320-4665,21.0
20260420,통계학과,010-7681-9219,24,
20260421,통계학과,010-1752-3319,20,
20260422,통계학과,경제학과,010-3570-4772,22.0
20260423,통계학과,010-4682-2647,27,
20260424,통계학과,010-7266-8373,22,
20260425,통계학과,010-6281-8114,20,
20260426,통계학과,010-7478-2140,24,
20260427,통계학과,010-8760-7689,20,
20260428,통계학과,010-5327-9147,26,
20260429,통계학과,010-6032-6440,24,
20260430,통계학과,010-9069-7986,28,
20260431,통계학과,010-1029-4119,20,
20260432,통계학과,010-8214-9800,23,
20260433,통계학과,010-2440-5098,20,
20260434,통계학과,010-3738-7303,19,
20260435,통계학과,010-2474-2092,22,
20260436,통계학과,010-1581-3645,29,
20260437,통계학과,경영학과,010-4784-9022,23.0
20260438,통계학과,010-4722-8751,25,
20260439,통계학과,010-1865-8675,21,
20260440,통계학과,010-6484-3643,27,
20260441,미디어학과,010-6523-9604,27,
20260442,미디어학과,010-6534-2014,22,
20260443,미디어학과,영어영문학과,010-4234-7833,20.0
20260444,미디어학과,010-8487-5647,20,
20260445,미디어학과,010-1746-7579,24,
20260446,미디어학과,전자공학과,010-9027-3752,19.0
20260447,미디어학과,010-4066-3634,21,
20260448,미디어학과,010-3055-4524,20,
20260449,미디어학과,010-5301-1892,21,
20260450,미디어학과,영어영문학과,010-1758-8581,21.0
20260451,미디어학과,산업공학과,010-1733-6667,19.0
20260452,미디어학과,010-6008-8422,19,
20260453,미디어학과,010-5399-5735,23,
20260454,미디어학과,010-3533-5234,25,
20260455,미디어학과,010-9650-6546,29,
20260456,미디어학과,전자공학과,010-4133-7246,25.0
20260457,미디어학과,010-4221-3512,28,
20260458,미디어학과,디자인학과,010-3953-3713,19.0
20260459,미디어학과,영어영문학과,010-3605-6890,27.0
20260460,미디어학과,통계학과,010-1187-2688,26.0
20260461,미디어학과,디자인학과,010-9075-6259,23.0
20260462,미디어학과,010-2024-9887,19,
20260463,미디어학과,통계학과,010-3080-6381,19.0
20260464,미디어학과,010-9879-9536,25,
20260465,미디어학과,010-3928-2900,24,
20260466,미디어학과,010-3806-3030,28,
20260467,미디어학과,영어영문학과,010-1294-7563,20.0
20260468,미디어학과,010-8278-1193,29,
20260469,미디어학과,산업공학과,010-2807-5282,26.0
20260470,미디어학과,010-6685-6977,28,
20260471,미디어학과,전자공학과,010-2530-8711,28.0
20260472,미디어학과,통계학과,010-1843-4328,21.0
20260473,미디어학과,산업공학과,010-3053-1305,28.0
20260474,미디어학과,010-6662-8314,23,
20260475,미디어학과,010-8846-6825,26,
20260476,미디어학과,010-6126-2561,22,
20260477,미디어학과,010-7350-3296,26,
20260478,미디어학과,컴퓨터공학과,010-4905-2958,20.0
20260479,미디어학과,010-2641-2541,20,
20260480,미디어학과,010-5929-7139,21,
20260481,미디어학과,산업공학과,010-5802-1078,20.0
20260482,미디어학과,010-1469-6058,19,
20260483,미디어학과,컴퓨터공학과,010-4168-4569,27.0
20260484,미디어학과,통계학과,010-4898-2692,22.0
20260485,미디어학과,전자공학과,010-9660-5592,25.0
20260486,미디어학과,010-7442-7849,25,
20260487,미디어학과,010-1263-6903,28,
20260488,미디어학과,010-3577-7372,22,
20260489,미디어학과,컴퓨터공학과,010-4645-9303,24.0
20260490,미디어학과,010-3606-3987,19,
20260491,미디어학과,010-7457-7442,27,
20260492,미디어학과,010-9033-7754,20,
20260493,미디어학과,010-7668-4672,19,
20260494,미디어학과,010-2650-9161,25,
20260495,미디어학과,010-9793-6253,19,
20260496,미디어학과,경제학과,010-8440-9098,27.0
20260497,미디어학과,010-6457-3236,26,
20260498,미디어학과,통계학과,010-3509-6260,21.0
20260499,미디어학과,영어영문학과,010-1566-7796,28.0
20260500,미디어학과,010-4988-3089,23,
